Work Place,Branch,Region
Abbeyleix District Hospital,Laois,Dublin Mid Leinster
Access Nursing Agency,Dublin East Coast Branch,Dublin Mid Leinster
Aclare House Nursing Home,Dublin East Coast Branch,Dublin Mid Leinster
Aeromedevac Ireland Ltd,Dublin South West Branch,Dublin Mid Leinster
Affidea (Tallaght),Dublin South West Branch,Dublin Mid Leinster
Ailesbury Private Nursing Home,Dublin East Coast Branch,Dublin Mid Leinster
Aisling House,Wicklow,Dublin Mid Leinster
Albany Clinic,Dublin East Coast Branch,Dublin Mid Leinster
Allied Irish Bank,Dublin East Coast Branch,Dublin Mid Leinster
Altadore Nursing Home,Dublin East Coast Branch,Dublin Mid Leinster
Alvernia House (Hse-Midland Area),Laois,Dublin Mid Leinster
Alzheimer Society Of Ireland (Laois/Offaly),Laois,Dublin Mid Leinster
Alzheimers Society (Kildare),Kildare/Naas,Dublin Mid Leinster
Alzheimers Society (Wicklow),Wicklow,Dublin Mid Leinster
Ashbury Nursing Home,Dublin East Coast Branch,Dublin Mid Leinster
Ashfield Health Care Ltd(Dublin 18),Dublin East Coast Branch,Dublin Mid Leinster
Ashfield Manor Nursing Home (Greystones),Wicklow,Dublin Mid Leinster
Ashford House Nursing Home,Dublin East Coast Branch,Dublin Mid Leinster
Ashley Lodge Nursing Home,Kildare/Naas,Dublin Mid Leinster
Ashling House(Hse-East),Kildare/Naas,Dublin Mid Leinster
Athy/Baltinglass Branch-Unknown,Athy/Baltinglass Branch,Dublin Mid Leinster
Atlanta Nursing Home,Wicklow,Dublin Mid Leinster
Aylesbury Clinic (Tallaght),Dublin South West Branch,Dublin Mid Leinster
B Braun Ireland (B Braun Medical Ltd.),Dublin South West Branch,Dublin Mid Leinster
Baggot St.Community Hospital,Dublin East Coast Branch,Dublin Mid Leinster
Ballitore Health Centre,Kildare/Naas,Dublin Mid Leinster
Ballymore Eustace Health Centre,Kildare/Naas,Dublin Mid Leinster
Baltinglass District Hospital,Athy/Baltinglass Branch,Dublin Mid Leinster
Baltinglass Health Centre,Athy/Baltinglass Branch,Dublin Mid Leinster
Barratstown Camp,Kildare/Naas,Dublin Mid Leinster
Bayada (Home Health Care),Dublin East Coast Branch,Dublin Mid Leinster
Beacon Private Hospital,Dublin East Coast Branch,Dublin Mid Leinster
Beacon Renal Clinic,Dublin East Coast Branch,Dublin Mid Leinster
Beechfield Manor Nursing Home,Dublin East Coast Branch,Dublin Mid Leinster
Beechpark Nursing Home (Kildare),Kildare/Naas,Dublin Mid Leinster
Bellvilla Nursing Unit,Dublin South West Branch,Dublin Mid Leinster
Belmont House  Nursing Home (Dublin),Dublin East Coast Branch,Dublin Mid Leinster
Birds Eye Ireland Limited,Kildare/Naas,Dublin Mid Leinster
Birr Community Nursing Unit,Offaly,Dublin Mid Leinster
Blackrock Clinic,Dublin East Coast Branch,Dublin Mid Leinster
Blackrock College,Dublin East Coast Branch,Dublin Mid Leinster
Blackrock Hospice (Dublin),Dublin East Coast Branch,Dublin Mid Leinster
Blackrock Medical Practice,Dublin East Coast Branch,Dublin Mid Leinster
Blainroe Lodge Nursing Home,Wicklow,Dublin Mid Leinster
Bloomfield Care Centre,Dublin East Coast Branch,Dublin Mid Leinster
Bluebird Home Care (Dublin),Dublin South West Branch,Dublin Mid Leinster
Boot Road Health Centre,Dublin South West Branch,Dublin Mid Leinster
Brabazon Trust,Dublin East Coast Branch,Dublin Mid Leinster
Bradshaws Lane Surgery,Wicklow,Dublin Mid Leinster
Bray Manor Nursing Home,Wicklow,Dublin Mid Leinster
Bride St.Health Centre,Dublin South West Branch,Dublin Mid Leinster
Bru Chaoimhin Day Care,Dublin South West Branch,Dublin Mid Leinster
Cairn Hill Nursing Home,Dublin East Coast Branch,Dublin Mid Leinster
Caredoc (Wicklow),Wicklow,Dublin Mid Leinster
Caredoc CIT Wicklow,Wicklow,Dublin Mid Leinster
Caritas Centre(Nursing Home),Dublin East Coast Branch,Dublin Mid Leinster
Carthage Nursing Home,Offaly,Dublin Mid Leinster
Carysfort Nursing Home,Dublin East Coast Branch,Dublin Mid Leinster
Casement Aerodrome(Army Service),Dublin East Coast Branch,Dublin Mid Leinster
Cashel Road Health Centre,Dublin South West Branch,Dublin Mid Leinster
Castledermot Health Centre,Kildare/Naas,Dublin Mid Leinster
Cedar House Nursing Home,Dublin East Coast Branch,Dublin Mid Leinster
Ceile Care,Dublin East Coast Branch,Dublin Mid Leinster
Central Mental Hospital,Dublin East Coast Branch,Dublin Mid Leinster
Central Remedial Clinic (Clondalkin),Dublin South West Branch,Dublin Mid Leinster
Centric Health (Dublin South),Dublin East Coast Branch,Dublin Mid Leinster
Centric Health (Midlands),Laois,Dublin Mid Leinster
Cerebal Palsy Ireland,Dublin East Coast Branch,Dublin Mid Leinster
Charlemont Clinic,Dublin South West Branch,Dublin Mid Leinster
Charleville Nursing Home,Dublin East Coast Branch,Dublin Mid Leinster
Cheeverstown House,Dublin South West Branch,Dublin Mid Leinster
Cherry Orchard Health Centre,Dublin South West Branch,Dublin Mid Leinster
Cherry Orchard Hospital,Dublin South West Branch,Dublin Mid Leinster
Cherryfield Lodge Nursing Home (Dublin),Dublin East Coast Branch,Dublin Mid Leinster
Cheshire Home (Wicklow),Wicklow,Dublin Mid Leinster
Chi - Connolly,Dublin Northern Branch,Dublin Mid Leinster
Chi - Corporate,Dublin Northern Branch,Dublin Mid Leinster
Chi - Crumlin,Dublin South West Branch,Dublin Mid Leinster
Chi - Tallaght,Dublin South West Branch,Dublin Mid Leinster
Chi - Temple St,Dublin South West Branch,Dublin Mid Leinster
Child & Family Agency - Tusla (Kildare),Kildare/Naas,Dublin Mid Leinster
Child & Family Agency -Tusla-  (Offaly),Offaly,Dublin Mid Leinster
Clane Health Centre,Kildare/Naas,Dublin Mid Leinster
Clongowes Wood College,Kildare/Naas,Dublin Mid Leinster
Clonskeagh Community Nursing Unit,Dublin East Coast Branch,Dublin Mid Leinster
Clover Lodge Nursing Home (Athy),Athy/Baltinglass Branch,Dublin Mid Leinster
Clover Lodge Nursing Home (Offaly),Offaly,Dublin Mid Leinster
Cloverhill Prison,Dublin South West Branch,Dublin Mid Leinster
Cognate Health (Dublin),Dublin East Coast Branch,Dublin Mid Leinster
Communicare Healthcare (Midlands),Laois,Dublin Mid Leinster
Community Care Area 1 (Dun Laoghaire),Dublin East Coast Branch,Dublin Mid Leinster
Community Care Area 2,Dublin East Coast Branch,Dublin Mid Leinster
Community Care Area Dublin North East,Dublin South West Branch,Dublin Mid Leinster
Community Care Area Dublin South City (3),Dublin East Coast Branch,Dublin Mid Leinster
Community Care Area Dublin South West (4),Dublin South West Branch,Dublin Mid Leinster
Community Care Area Dublin West (5),Dublin South West Branch,Dublin Mid Leinster
Community Care Area Kildare/Naas/West Wicklow (9),Kildare/Naas,Dublin Mid Leinster
Community Care Area Laois,Laois,Dublin Mid Leinster
Community Care Area Offaly,Offaly,Dublin Mid Leinster
Community Care Area Wicklow,Wicklow,Dublin Mid Leinster
Consolation Nursing Home,Offaly,Dublin Mid Leinster
Coombe Womens Hospital,Dublin South West Branch,Dublin Mid Leinster
Cowper Care Centre,Dublin South West Branch,Dublin Mid Leinster
Cpl Health Care,Dublin East Coast Branch,Dublin Mid Leinster
Craddock House Nursing Home,Kildare/Naas,Dublin Mid Leinster
Croft Nursing Home,Dublin South West Branch,Dublin Mid Leinster
Crthage Nursing Home,Offaly,Dublin Mid Leinster
Cuan Leanbh (Tullamore),Offaly,Dublin Mid Leinster
Curlew Road Health Centre,Dublin South West Branch,Dublin Mid Leinster
Curragh Lawn Nursing Home,Kildare/Naas,Dublin Mid Leinster
Curragh Military Hospital,Kildare/Naas,Dublin Mid Leinster
Dalkey Community Nursing Unit,Dublin East Coast Branch,Dublin Mid Leinster
Dalkey Lodge Nursing Home,Dublin East Coast Branch,Dublin Mid Leinster
Dalkey Private Home,Dublin East Coast Branch,Dublin Mid Leinster
Dargle Valley Nursing Home,Wicklow,Dublin Mid Leinster
Deansrath Health Centre,Dublin South West Branch,Dublin Mid Leinster
Debra Ireland Ltd,Dublin East Coast Branch,Dublin Mid Leinster
Department Of Health,Dublin East Coast Branch,Dublin Mid Leinster
Dept. Of Social Protection,Dublin East Coast Branch,Dublin Mid Leinster
Derrinturn Health Centre,Kildare/Naas,Dublin Mid Leinster
Diageo Ireland,Dublin South West Branch,Dublin Mid Leinster
Domnin Nursing Home,Laois,Dublin Mid Leinster
Donore Nursing Home,Wicklow,Dublin Mid Leinster
Dr Steevens Hospital- Hse,Dublin South West Branch,Dublin Mid Leinster
Drogheda Memorial Hospital,Kildare/Naas,Dublin Mid Leinster
Droimnin Nursing Home,Laois,Dublin Mid Leinster
Dublin Call & Care Ltd,Dublin East Coast Branch,Dublin Mid Leinster
Dublin Dental Hospital,Dublin East Coast Branch,Dublin Mid Leinster
Dublin East Coast Branch-Unknown,Dublin East Coast Branch,Dublin Mid Leinster
Dublin South West Branch-Unknown,Dublin South West Branch,Dublin Mid Leinster
E.S.B.,Dublin East Coast Branch,Dublin Mid Leinster
Ealga Lodge Nursing Home,Offaly,Dublin Mid Leinster
Earlsbrook House Nursing Home (First Care),Wicklow,Dublin Mid Leinster
Eastdoc - Gp Service-(Erha),Dublin East Coast Branch,Dublin Mid Leinster
Edenderry Nursing Unit,Offaly,Dublin Mid Leinster
Eliza Lodge Nursing Home,Offaly,Dublin Mid Leinster
Elm Hall Nursing Home,Kildare/Naas,Dublin Mid Leinster
Enable Ireland,Dublin East Coast Branch,Dublin Mid Leinster
Esker Ri (Nursing Home),Offaly,Dublin Mid Leinster
Euromedic Private Clinic,Dublin East Coast Branch,Dublin Mid Leinster
Eye & Ear Hospital(Dublin),Dublin East Coast Branch,Dublin Mid Leinster
Eyrefield Manor Nursing Home,Wicklow,Dublin Mid Leinster
Ferbane Care Centre (Windmill Healthcare),Offaly,Dublin Mid Leinster
Ferndene Nursing Home,Dublin East Coast Branch,Dublin Mid Leinster
Four Ferns Nursing Home,Dublin East Coast Branch,Dublin Mid Leinster
Foxrock Nursing Home,Dublin East Coast Branch,Dublin Mid Leinster
Gallen Priory Nursing Home,Offaly,Dublin Mid Leinster
Gascoigne Home,Dublin South West Branch,Dublin Mid Leinster
Gheel Autism Services,Kildare/Naas,Dublin Mid Leinster
Glebe House Nursing Home (Kiltiernan),Dublin East Coast Branch,Dublin Mid Leinster
Glebe Nursing Home,Wicklow,Dublin Mid Leinster
Glenashling Nursing Home,Kildare/Naas,Dublin Mid Leinster
Glenaulin Nursing Home,Dublin South West Branch,Dublin Mid Leinster
Glencarrig Nursing Home,Dublin South West Branch,Dublin Mid Leinster
Glengara Park House,Dublin East Coast Branch,Dublin Mid Leinster
Gp Out Of Hours Service (Community Healthcare East),Dublin East Coast Branch,Dublin Mid Leinster
Greystones Medical Centre (Gp Practice),Wicklow,Dublin Mid Leinster
Greystones Nursing Home,Wicklow,Dublin Mid Leinster
Harley Medical Group,Dublin East Coast Branch,Dublin Mid Leinster
Harvey Healthcare Group,Dublin East Coast Branch,Dublin Mid Leinster
Harvey Nursing Home,Dublin East Coast Branch,Dublin Mid Leinster
Hawthorns Centre-Hse-East,Dublin East Coast Branch,Dublin Mid Leinster
Hazel Hall Nursing Home,Kildare/Naas,Dublin Mid Leinster
Health Research Board,Dublin East Coast Branch,Dublin Mid Leinster
Health Screening Ireland,Dublin South West Branch,Dublin Mid Leinster
Healthwatch Ireland (Cruinn Diagnostics Ltd),Dublin East Coast Branch,Dublin Mid Leinster
Herberton Nursing Home,Dublin East Coast Branch,Dublin Mid Leinster
Hermitage  Clinic,Dublin South West Branch,Dublin Mid Leinster
Hewlett Packard Ltd,Kildare/Naas,Dublin Mid Leinster
Hibernian Healthcare,Dublin South West Branch,Dublin Mid Leinster
Holy Family Residence (Nursing Home),Dublin East Coast Branch,Dublin Mid Leinster
Hse Dublin South West,Dublin South West Branch,Dublin Mid Leinster
Inchicore Health Centre,Dublin South West Branch,Dublin Mid Leinster
Intel (Ireland) Ltd,Kildare/Naas,Dublin Mid Leinster
Irish Blood Transfusion Board(Dublin),Dublin South West Branch,Dublin Mid Leinster
Irish Cancer Society,Dublin East Coast Branch,Dublin Mid Leinster
Irish Family Planning Assoc.(Dublin),Dublin East Coast Branch,Dublin Mid Leinster
Irish Family Planning Association (Midlands),Laois,Dublin Mid Leinster
Irish Heart Foundation,Dublin East Coast Branch,Dublin Mid Leinster
Irish Sugar Plc,Dublin East Coast Branch,Dublin Mid Leinster
Iveagh Trust (Dublin),Dublin South West Branch,Dublin Mid Leinster
Jack & Jill Foundation,Kildare/Naas,Dublin Mid Leinster
Jewish Nursing Home,Dublin East Coast Branch,Dublin Mid Leinster
Kare M'Cap(Newbridge),Kildare/Naas,Dublin Mid Leinster
Kdoc (Gp Service),Kildare/Naas,Dublin Mid Leinster
Kilcoole Lodge Nursing Home,Wicklow,Dublin Mid Leinster
Kilcullen Health Centre,Kildare/Naas,Dublin Mid Leinster
Kildare Day Centre,Kildare/Naas,Dublin Mid Leinster
Kildare/Naas-Unknown,Kildare/Naas,Dublin Mid Leinster
Kildare/West Wicklow(Gp Service),Kildare/Naas,Dublin Mid Leinster
Kill Health Centre,Kildare/Naas,Dublin Mid Leinster
Killinarden Health Centre (Hse),Dublin South West Branch,Dublin Mid Leinster
Kilmainham Medical Centre,Dublin South West Branch,Dublin Mid Leinster
Kilmeague Health Centre,Kildare/Naas,Dublin Mid Leinster
Kilminchy Lodge Nursing Home,Laois,Dublin Mid Leinster
Kiltipper Woods Care Centre,Dublin South West Branch,Dublin Mid Leinster
Kings Hospital School(Palmerstown),Dublin South West Branch,Dublin Mid Leinster
Kinvara Nursing Home,Wicklow,Dublin Mid Leinster
Knockrobin Hill Care Home,Wicklow,Dublin Mid Leinster
Kolbe Centre (Portlaoise),Laois,Dublin Mid Leinster
Kylemore Nursing Home,Wicklow,Dublin Mid Leinster
Laboratory Medicine Service (St. James'S),Dublin South West Branch,Dublin Mid Leinster
Laois Childrens Respite,Laois,Dublin Mid Leinster
Laois-Unknown,Laois,Dublin Mid Leinster
Larchfield Park Nursing Home (Naas),Kildare/Naas,Dublin Mid Leinster
Laura Lynn Foundation (Dublin),Dublin East Coast Branch,Dublin Mid Leinster
Laya Healthcare (Dublin),Dublin East Coast Branch,Dublin Mid Leinster
Leeson Park House Nursing Home,Dublin East Coast Branch,Dublin Mid Leinster
Leixlip Health Centre,Kildare/Naas,Dublin Mid Leinster
Leopardstown Park Hospital,Dublin East Coast Branch,Dublin Mid Leinster
Letsgetchecked,Dublin East Coast Branch,Dublin Mid Leinster
Lexington House (Nursing Home),Dublin South West Branch,Dublin Mid Leinster
Linen Supply Of Ire.Ltd,Dublin South West Branch,Dublin Mid Leinster
Lisheen Nursing Home(Dublin),Dublin South West Branch,Dublin Mid Leinster
Lourdesville Nursing Home,Athy/Baltinglass Branch,Dublin Mid Leinster
Lucan Lodge Nursing Home,Dublin South West Branch,Dublin Mid Leinster
M.S. Care Centre,Dublin East Coast Branch,Dublin Mid Leinster
Marian House (Kimmage Manor),Dublin South West Branch,Dublin Mid Leinster
Marino Clinic(Bray),Wicklow,Dublin Mid Leinster
Marks & Spencer Ireland Ltd,Dublin East Coast Branch,Dublin Mid Leinster
Marley Nursing Home,Dublin South West Branch,Dublin Mid Leinster
Mary Mercer Health Centre,Dublin South West Branch,Dublin Mid Leinster
Mayfield Nursing Home,Dublin South West Branch,Dublin Mid Leinster
Maynooth Community Nursing Unit,Kildare/Naas,Dublin Mid Leinster
Maynooth Lodge Nursing Home,Kildare/Naas,Dublin Mid Leinster
Meath Community Nursing Unit (Hse-Eastern),Dublin South West Branch,Dublin Mid Leinster
Medwise,Kildare/Naas,Dublin Mid Leinster
Mercer Medical Centre(Dublin),Dublin East Coast Branch,Dublin Mid Leinster
Merchants Quay Ireland (Drugs Treatment Centre),Dublin South West Branch,Dublin Mid Leinster
Merrion Day Surgery,Dublin East Coast Branch,Dublin Mid Leinster
Midland Regional Hospital Portlaoise,Laois,Dublin Mid Leinster
Midland Regional Hospital Tullamore,Offaly,Dublin Mid Leinster
Midlands Intellectual Disability Services,Offaly,Dublin Mid Leinster
Midoc (Gp-Service-Offaly/Laois),Offaly,Dublin Mid Leinster
Mill Lane Manor Nursing Home,Kildare/Naas,Dublin Mid Leinster
Millbrook Lawns Health Centre,Dublin South West Branch,Dublin Mid Leinster
Millbrook Manor Nursing Home,Dublin South West Branch,Dublin Mid Leinster
Molyneux Home,Dublin East Coast Branch,Dublin Mid Leinster
Mount Carmel Community Hospital (Dublin),Dublin South West Branch,Dublin Mid Leinster
Mount Pleasant Lodge Nursing Home (Kilcock),Kildare/Naas,Dublin Mid Leinster
Mount Sackville Nh (Order Of St. Joseph Of Cluny),Dublin South West Branch,Dublin Mid Leinster
Mount Tabor Nursing Home,Dublin East Coast Branch,Dublin Mid Leinster
Moyglare Nursing Home,Kildare/Naas,Dublin Mid Leinster
Muiriosa Foundation,Kildare/Naas,Dublin Mid Leinster
Muiriosa Foundation (Abbeyleix),Laois,Dublin Mid Leinster
Muiriosa Foundation Tanyard Res Centre(Tullamore),Offaly,Dublin Mid Leinster
Muiriosa Foundation Triest House(Portarlington),Laois,Dublin Mid Leinster
Naas General Hospital,Kildare/Naas,Dublin Mid Leinster
Naas Health Centre,Kildare/Naas,Dublin Mid Leinster
National Cancer Centre,Dublin East Coast Branch,Dublin Mid Leinster
National Drug Treatment Centre,Dublin East Coast Branch,Dublin Mid Leinster
National Maternity Hospital,Dublin East Coast Branch,Dublin Mid Leinster
National Rehabilitation Hospital,Dublin East Coast Branch,Dublin Mid Leinster
National Treatment Fund,Dublin East Coast Branch,Dublin Mid Leinster
Newbridge Health Centre,Kildare/Naas,Dublin Mid Leinster
Newcastle Psychiatric Hospital,Wicklow,Dublin Mid Leinster
Newlands Cross Medical Centre - Gp Practice,Dublin South West Branch,Dublin Mid Leinster
Newtown Park House Nursing Home,Dublin East Coast Branch,Dublin Mid Leinster
Northbrook Clinic(Dublin),Dublin East Coast Branch,Dublin Mid Leinster
Nua Healthcare,Kildare/Naas,Dublin Mid Leinster
Nurse On Call (Dublin),Dublin South West Branch,Dublin Mid Leinster
Nurse On Call (Offaly),Offaly,Dublin Mid Leinster
Nursing & Midwifery Board Of Ireland,Dublin East Coast Branch,Dublin Mid Leinster
Nursing & Midwifery Planning Development Unit (Dub),Dublin South West Branch,Dublin Mid Leinster
Oakdale Nursing Home (Offaly),Offaly,Dublin Mid Leinster
Offaly Centre For Independent Living,Offaly,Dublin Mid Leinster
Offaly-Unknown,Offaly,Dublin Mid Leinster
Oghill Nursing Home (Kildare),Kildare/Naas,Dublin Mid Leinster
Old County Road Health Centre,Dublin South West Branch,Dublin Mid Leinster
Orchard Respite Centre (Blackrock),Dublin East Coast Branch,Dublin Mid Leinster
Organ Donation Transplant Ireland,Dublin East Coast Branch,Dublin Mid Leinster
Orwell Nursing Home,Dublin East Coast Branch,Dublin Mid Leinster
Our Ladys Hospice (Dublin),Dublin South West Branch,Dublin Mid Leinster
Our Ladys Manor(Dalkey),Dublin East Coast Branch,Dublin Mid Leinster
Padre Pio Nursing Home (Clondalkin),Dublin South West Branch,Dublin Mid Leinster
Palmerstown Health Centre,Dublin South West Branch,Dublin Mid Leinster
Park House Nursing Home (Kilcock),Kildare/Naas,Dublin Mid Leinster
Peamount Hospital,Kildare/Naas,Dublin Mid Leinster
Pfizer Pharmaceuticals,Kildare/Naas,Dublin Mid Leinster
Pilgrim Food Masters (Wicklow),Wicklow,Dublin Mid Leinster
Point Of Care Health Services,Dublin East Coast Branch,Dublin Mid Leinster
Portlaoise Day Centre,Laois,Dublin Mid Leinster
Portlaoise Prison,Laois,Dublin Mid Leinster
Queen Of Peace Centre,Dublin South West Branch,Dublin Mid Leinster
Rathangan Health Centre,Kildare/Naas,Dublin Mid Leinster
Rathcoole Health Centre,Dublin South West Branch,Dublin Mid Leinster
Rathfarnham Health Centre,Dublin South West Branch,Dublin Mid Leinster
Rathmines Health Centre,Dublin South West Branch,Dublin Mid Leinster
Resilience Care,Dublin East Coast Branch,Dublin Mid Leinster
Resilience Care (Kilkenny),Kilkenny,Dublin Mid Leinster
Riada House Community Care(T'More),Offaly,Dublin Mid Leinster
River Medical Clinic,Dublin East Coast Branch,Dublin Mid Leinster
Rockfield Health Care,Dublin South West Branch,Dublin Mid Leinster
Roseville Nursing Home,Wicklow,Dublin Mid Leinster
Rosstrevor Nursing Home,Dublin South West Branch,Dublin Mid Leinster
Rowlagh Health Centre,Dublin South West Branch,Dublin Mid Leinster
Royal Hospital Donnybrook,Dublin East Coast Branch,Dublin Mid Leinster
Ryevale Nursing Home,Kildare/Naas,Dublin Mid Leinster
Sally Park Nursing Home,Dublin South West Branch,Dublin Mid Leinster
San Remo Nursing Home,Wicklow,Dublin Mid Leinster
Sandyford Healthcare,Dublin East Coast Branch,Dublin Mid Leinster
Scheering Pough Ltd,Wicklow,Dublin Mid Leinster
Scottish Nursing Guild (Eastern),Dublin East Coast Branch,Dublin Mid Leinster
Shalom Nursing Home,Kildare/Naas,Dublin Mid Leinster
Shannagh Bay Nursing Home,Wicklow,Dublin Mid Leinster
Silver Stream Healthcare (Dunlavin),Wicklow,Dublin Mid Leinster
Simpsons Hospital (Nursing Home),Dublin South West Branch,Dublin Mid Leinster
Sims Clinic,Dublin East Coast Branch,Dublin Mid Leinster
Sir Patrick Duns Community Hospital,Dublin East Coast Branch,Dublin Mid Leinster
South Earl St. Health Centre,Dublin South West Branch,Dublin Mid Leinster
Southside  Intellectual Disability Services,Dublin South West Branch,Dublin Mid Leinster
St Brigids Home (Crooksling),Dublin South West Branch,Dublin Mid Leinster
St Brigids Hospice,Kildare/Naas,Dublin Mid Leinster
St Brigids Hospital (Shaen),Laois,Dublin Mid Leinster
St Catherines Id Services (Newcastle),Wicklow,Dublin Mid Leinster
St Colmans Hospital(Rathdrum),Wicklow,Dublin Mid Leinster
St Columcilles Hospital,Dublin East Coast Branch,Dublin Mid Leinster
St Gladys Private Nursing Home,Dublin South West Branch,Dublin Mid Leinster
St James's Hospital,Dublin South West Branch,Dublin Mid Leinster
St John Of God - Kildare Services,Kildare/Naas,Dublin Mid Leinster
St John Of God (Stillorgan),Dublin East Coast Branch,Dublin Mid Leinster
St John Of God Carmona Services (Ravenswell),Wicklow,Dublin Mid Leinster
St John Of God Services (Tallaght),Dublin South West Branch,Dublin Mid Leinster
St John Of God-( Lucena ),Dublin East Coast Branch,Dublin Mid Leinster
St John Of God-Islandbridge,Dublin South West Branch,Dublin Mid Leinster
St John Of God(Dunmore House),Dublin East Coast Branch,Dublin Mid Leinster
St Johns House Of Rest(Dublin),Dublin East Coast Branch,Dublin Mid Leinster
St Josephs Centre (Sjog - Shankill),Dublin East Coast Branch,Dublin Mid Leinster
St Lomans Psychiatric Unit(Tallaght,Dublin South West Branch,Dublin Mid Leinster
St Lukes Hospital(Rathgar),Dublin East Coast Branch,Dublin Mid Leinster
St Marys Community Centre(Hse-East),Dublin South West Branch,Dublin Mid Leinster
St Michaels Hospital Dun Laoghaire,Dublin East Coast Branch,Dublin Mid Leinster
St Patricks Hospital(James's St),Dublin South West Branch,Dublin Mid Leinster
St Raphaels Centre(Celbridge),Kildare/Naas,Dublin Mid Leinster
St Teresas Centre (Blackrock),Dublin East Coast Branch,Dublin Mid Leinster
St Vincents Hospital(Athy),Athy/Baltinglass Branch,Dublin Mid Leinster
St Vincents Hospital(Mountmellick),Laois,Dublin Mid Leinster
St Vincents Private Hospital,Dublin East Coast Branch,Dublin Mid Leinster
St Vincents University Hospital (Elm Park),SVUH,Dublin Mid Leinster
Stepping Stones Residential Care,Dublin East Coast Branch,Dublin Mid Leinster
Stewarts Care (Palmerstown),Dublin South West Branch,Dublin Mid Leinster
Sunbeam House Services,Wicklow,Dublin Mid Leinster
Suncroft Lodge Nursing Home,Kildare/Naas,Dublin Mid Leinster
Sundial House (Dublin),Dublin South West Branch,Dublin Mid Leinster
Tallaght Hospital,Dublin South West Branch,Dublin Mid Leinster
Tcp Home Care (Dublin),Dublin South West Branch,Dublin Mid Leinster
Terenure College,Dublin East Coast Branch,Dublin Mid Leinster
The Grove Nursing Home,Dublin South West Branch,Dublin Mid Leinster
The High School (Rathgar),Dublin South West Branch,Dublin Mid Leinster
Therapie Fertility Clinic,Dublin East Coast Branch,Dublin Mid Leinster
Tilda,Dublin East Coast Branch,Dublin Mid Leinster
Tivoli Nursing Home,Dublin East Coast Branch,Dublin Mid Leinster
Tlc Doc (Tallaght & Clondalkin Doctors On Call),Dublin South West Branch,Dublin Mid Leinster
Tlc Nursing Home,Dublin South West Branch,Dublin Mid Leinster
Tlc Nursing Home (Kildare),Kildare/Naas,Dublin Mid Leinster
Tropical Medical Bureau (Tmb) - Dublin,Dublin East Coast Branch,Dublin Mid Leinster
Ttm Healthcare (Dublin),Dublin East Coast Branch,Dublin Mid Leinster
Ttm Healthcare (Offaly),Offaly,Dublin Mid Leinster
Tullamore Day Centre,Offaly,Dublin Mid Leinster
Tymon North Cnu,Dublin South West Branch,Dublin Mid Leinster
Upmc Clane Private Hospital (Kildare),Kildare/Naas,Dublin Mid Leinster
Vergemount Hospital,Dublin East Coast Branch,Dublin Mid Leinster
Vhi (Dublin),Dublin South West Branch,Dublin Mid Leinster
Vigo Health,Wicklow,Dublin Mid Leinster
Well Woman Centre (Eccles St.),Dublin East Coast Branch,Dublin Mid Leinster
Wellington Eye Clinic,Dublin East Coast Branch,Dublin Mid Leinster
Wesley College,Dublin East Coast Branch,Dublin Mid Leinster
Wicklow Day Care Service-Hse,Wicklow,Dublin Mid Leinster
Wicklow Hospice,Wicklow,Dublin Mid Leinster
Wicklow-Unknown,Wicklow,Dublin Mid Leinster
Willow Park Junior School,Dublin East Coast Branch,Dublin Mid Leinster
Willowbrook Nursing Home,Kildare/Naas,Dublin Mid Leinster
Woodlands Academy,Wicklow,Dublin Mid Leinster
Your World Healthcare Ireland,Dublin South West Branch,Dublin Mid Leinster
24 Hour Care Services,Meath,Dublin North East
Advanced Medical Services (North East),Cavan,Dublin North East
Affidea Expresscare (Dublin),Dublin Northern Branch,Dublin North East
Alzheimer Society Of Ireland (North Dublin),Dublin Northern Branch,Dublin North East
Alzheimers Society (Dublin),Dublin Northern Branch,Dublin North East
An Castan Disability Services,Meath,Dublin North East
An Post,Dublin Northern Branch,Dublin North East
Ann's Homecare Ireland (Agency),Dundalk,Dublin North East
Anovocare Nursing Home,Dublin Northern Branch,Dublin North East
Aras Mhuire Nursing Home (Drogheda),Drogheda,Dublin North East
Arc Cancer Support Centre,Dublin Northern Branch,Dublin North East
Ardee Day Centre,Drogheda,Dublin North East
Ardmore Lodge Nursing Home,Dublin Northern Branch,Dublin North East
Aria Assistance,Meath,Dublin North East
Ashgrove House(Hse East),Dublin Northern Branch,Dublin North East
Assisi House (Nursing Home),Dublin Northern Branch,Dublin North East
Asthma Society Of Ireland,Dublin Northern Branch,Dublin North East
At Network (Aiseanna Tacaiochta),Dublin Northern Branch,Dublin North East
Athlone-Unknown,Athlone,Dublin North East
Authentic Food Company,Dundalk,Dublin North East
Avista (Clonsilla),Dublin Northern Branch,Dublin North East
Avista (Navan Road),Dublin Northern Branch,Dublin North East
Avista (Portmarnock),Dublin Northern Branch,Dublin North East
Avista Centre Palmerstown (Glenmaroon),Dublin Northern Branch,Dublin North East
Avista Chapelizod (Glenmaroon),Dublin Northern Branch,Dublin North East
Balbriggan Health Centre (Hse),Dublin Northern Branch,Dublin North East
Baldoyle Health Centre (Hse),Dublin Northern Branch,Dublin North East
Ballygall Health Centre,Dublin Northern Branch,Dublin North East
Ballymun Family Practice,Dublin Northern Branch,Dublin North East
Ballymun Health Care Facility (Hse),Dublin Northern Branch,Dublin North East
Barrett Cheshire Home (Dublin),Dublin Northern Branch,Dublin North East
Bartra Residential Home (Northwood),Dublin Northern Branch,Dublin North East
Bayer Medical Centre,Dublin Northern Branch,Dublin North East
Beacon Renal Clinic (Drogheda),Drogheda,Dublin North East
Beaufort House,Meath,Dublin North East
Beaumont Convelescent Home,Dublin Northern Branch,Dublin North East
Beaumont Hospital,Dublin Northern Branch,Dublin North East
Beaumont Lodge Nursing Home (Bartra Healthcare),Dublin Northern Branch,Dublin North East
Bedford Medical Clinic,Meath,Dublin North East
Beechlawn Nursing Home,Dublin Northern Branch,Dublin North East
Beechtree Nursing Home,Dublin Northern Branch,Dublin North East
Benburb Street Health Centre (Hse),Dublin Northern Branch,Dublin North East
Beneavin House Nursing Home,Dublin Northern Branch,Dublin North East
Beneavin Lodge Nursing Home,Dublin Northern Branch,Dublin North East
Bethany House Nursing Home (Westmeath),Mullingar,Dublin North East
Blackrock Abbey Nursing Home,Dundalk,Dublin North East
Blackrock Family Practice (Louth),Dundalk,Dublin North East
Blakestown Road Health Centre (Hse),Dublin Northern Branch,Dublin North East
Blanchardstown Primary Care Services,Dublin Northern Branch,Dublin North East
Boc Homecare Ireland,Athlone,Dublin North East
Bon Secours Hospital (Dublin),Dublin Northern Branch,Dublin North East
Botanic Avenue Health Centre (Hse),Dublin Northern Branch,Dublin North East
Boyne Valley Nursing Home,Meath,Dublin North East
Boyne View Welfare Home(Drogheda),Drogheda,Dublin North East
Breast Check Ireland,Dublin Northern Branch,Dublin North East
Breffini Care Centre(Hse-North East,Cavan,Dublin North East
Cabra Health Centre (Hse),Dublin Northern Branch,Dublin North East
Cappagh Orthopaedic Hospital,Dublin Northern Branch,Dublin North East
Cara Care Centre,Dublin Northern Branch,Dublin North East
Cara Cheshire Home,Dublin Northern Branch,Dublin North East
Care Choice Nursing Home (Dublin),Dublin Northern Branch,Dublin North East
Care Choice Nursing Home (Trim),Meath,Dublin North East
Carlingford Nursing Home,Dundalk,Dublin North East
Castle Manor Nursing Home,Cavan,Dublin North East
Castleross Nursing Home,Monaghan,Dublin North East
Catherine Mc Auley Day Centre (Kells),Meath,Dublin North East
Cavan / Monaghan Pallative Care Team,Cavan,Dublin North East
Cavan General Hospital,Cavan,Dublin North East
Cavan-Unknown,Cavan,Dublin North East
Cavan/Monaghan Disability Services,Monaghan,Dublin North East
Central Remedial Clinic (Clontarf),Dublin Northern Branch,Dublin North East
Centric Health (Raheny Medical),Dublin Northern Branch,Dublin North East
Charter Medical Group,Dublin Northern Branch,Dublin North East
Child & Family Agency - Tusla (Dublin),Dublin Northern Branch,Dublin North East
Child & Family Agency- Tusla- (Monaghan),Monaghan,Dublin North East
Church View Nursing Home (Dublin),Dublin Northern Branch,Dublin North East
Clarehaven Nursing Unit,Dublin Northern Branch,Dublin North East
Clearbrook Nursing Home,Dublin Northern Branch,Dublin North East
Clogher House (Cavan-Nehb),Cavan,Dublin North East
Clontarf Health Centre(Hse),Dublin Northern Branch,Dublin North East
Clontarf Orthopaedic Hospital,Dublin Northern Branch,Dublin North East
Cluain Lir Community Nursing Unit,Mullingar,Dublin North East
College View Nursing Home (Cavan),Cavan,Dublin North East
Collinson Group,Meath,Dublin North East
Communicare Healthcare (Dublin),Dublin Northern Branch,Dublin North East
Communicare Healthcare (Meath),Meath,Dublin North East
Community Care Area Athlone,Athlone,Dublin North East
Community Care Area Cavan,Cavan,Dublin North East
Community Care Area Longford,Longford,Dublin North East
Community Care Area Louth (Drogheda),Drogheda,Dublin North East
Community Care Area Louth (Dundalk),Dundalk,Dublin North East
Community Care Area Meath,Meath,Dublin North East
Community Care Area Monaghan,Monaghan,Dublin North East
Community Care Area Westmeath,Mullingar,Dublin North East
Connolly Hospital,Dublin Northern Branch,Dublin North East
Coolock Health Centre (Women's Aid Hse),Dublin Northern Branch,Dublin North East
Cootehill Respite Centre,Cavan,Dublin North East
Corduff Health Centre (Hse),Dublin Northern Branch,Dublin North East
Corporate Health Ireland,Dublin Northern Branch,Dublin North East
Curam Care Home,Dublin Northern Branch,Dublin North East
Custom House Medical Centre (Gp),Dublin Northern Branch,Dublin North East
D-Doc (Hse-Eastern Region),Dublin Northern Branch,Dublin North East
Darndale Health Centre (Hse),Dublin Northern Branch,Dublin North East
Dealgan Nursing Home,Dundalk,Dublin North East
Dexa Protection (Drogheda),Drogheda,Dublin North East
Dochas Centre (Drogheda),Drogheda,Dublin North East
Donabate Health Centre (Hse),Dublin Northern Branch,Dublin North East
Drogheda Cottage Hospital,Drogheda,Dublin North East
Drogheda-Unknown,Drogheda,Dublin North East
Drumbear Lodge Nursing Home,Monaghan,Dublin North East
Drumcondra Village Medical Centre (Gp),Dublin Northern Branch,Dublin North East
Dublin Northern Branch-Unknown,Dublin Northern Branch,Dublin North East
Dublin Simon Community,Dublin Northern Branch,Dublin North East
Dunboyne Nursing Home,Meath,Dublin North East
Dundalk-Unknown,Dundalk,Dublin North East
Dunshaughlin Day Hospital,Meath,Dublin North East
East Wall Health Centre(Hse),Dublin Northern Branch,Dublin North East
Eccles Clinic,Dublin Northern Branch,Dublin North East
Eglinton House (Ehb),Dublin Northern Branch,Dublin North East
Elmgreen Nursing Home,Dublin Northern Branch,Dublin North East
Enable Ireland (Cavan),Cavan,Dublin North East
Esker Lodge Nursing Home,Cavan,Dublin North East
Excel Recruitment (Dublin),Dublin Northern Branch,Dublin North East
Fairlands Nursing Home,Cavan,Dublin North East
Fairlawns Nursing Home,Cavan,Dublin North East
Fresenius Medical Care (Dublin),Dublin Northern Branch,Dublin North East
Garda Medical Department,Dublin Northern Branch,Dublin North East
Gary Kelly Cancer Support(Drogheda),Drogheda,Dublin North East
Gormanston Nursing Home,Meath,Dublin North East
Griffeen Valley Nursing Home,Dublin Northern Branch,Dublin North East
H.I.Q.A.,Dublin Northern Branch,Dublin North East
Hamilton Nursing Home,Dublin Northern Branch,Dublin North East
Hampson Practice,Dublin Northern Branch,Dublin North East
Hampstead Nursing Home-Glasnevin,Dublin Northern Branch,Dublin North East
Hartstown Health Centre (Hse),Dublin Northern Branch,Dublin North East
Health Protections Surveillance Centre,Dublin Northern Branch,Dublin North East
Heatherfield Nursing Home,Meath,Dublin North East
Highfield Healthcare,Dublin Northern Branch,Dublin North East
Highfield Private Hospital,Dublin Northern Branch,Dublin North East
Hillview Nursing Home,Meath,Dublin North East
Holy Family Special School(Cootehil,Cavan,Dublin North East
Howth Health Centre (Hse),Dublin Northern Branch,Dublin North East
Hse Addiction Services (Dublin),Dublin Northern Branch,Dublin North East
Hse Dublin North East Maternity Services,Dublin Northern Branch,Dublin North East
Hse Dublin North East Psychiatric Services,Dublin Northern Branch,Dublin North East
Hse Midland Area General Nursing Services,Athlone,Dublin North East
Hse Midland Area Psychiatric Nursing Services,Athlone,Dublin North East
Hse-North East Primary Care (Navan),Meath,Dublin North East
Iehg (Ireland East Hospital Group),Dublin Northern Branch,Dublin North East
Iqvia,Dublin Northern Branch,Dublin North East
Irish Blood Transfusion Service (Ardee),Drogheda,Dublin North East
Irish Motor Neurone Disease Association,Dublin East Coast Branch,Dublin North East
Irish Wheelchair Assocation (Dublin),Dublin Northern Branch,Dublin North East
John Sullivan Centre(Cavan),Cavan,Dublin North East
Kilbarrack Health Centre (Hse),Dublin Northern Branch,Dublin North East
Kilbrew Recuperation & Nursing Care,Meath,Dublin North East
Killester Health Centre(Hse),Dublin Northern Branch,Dublin North East
Kilmainhamwood Nursing Home,Meath,Dublin North East
Knightsbridge Nursing Home,Meath,Dublin North East
Lark Cancer Support,Mullingar,Dublin North East
Larkhill Health Centre (Hse),Dublin Northern Branch,Dublin North East
Laura Lynn Foundation (Meath Branch),Meath,Dublin North East
Laurel Lodge Nursing Home (Longford),Longford,Dublin North East
Laverna Nursing Home,Dublin Northern Branch,Dublin North East
Lisburn Street Health Centre (Hse),Dublin Northern Branch,Dublin North East
Lisdarn Hospital,Cavan,Dublin North East
Lois Bridges Eating Disorders Centre,Dublin Northern Branch,Dublin North East
Longford-Unknown,Longford,Dublin North East
Longwood Health Centre (Gp Facility),Meath,Dublin North East
Loretto Day Centre,Meath,Dublin North East
Lough Sheever Community Services,Mullingar,Dublin North East
Loughloe House,Athlone,Dublin North East
Loughshinny Residential Home,Dublin Northern Branch,Dublin North East
Louth Community Care Dundalk,Dundalk,Dublin North East
Louth County Hospital,Dundalk,Dublin North East
Louth Disability Services,Drogheda,Dublin North East
Louth Pallative Care Team,Drogheda,Dublin North East
Lusk Community Nursing Unit,Dublin Northern Branch,Dublin North East
Lusk Health Centre (Hse),Dublin Northern Branch,Dublin North East
Malahide Health Centre,Dublin Northern Branch,Dublin North East
Maple Court Nursing Home,Mullingar,Dublin North East
Marian House Nursing Home (Glasnevin),Dublin Northern Branch,Dublin North East
Marie Keating Foundation,Dublin Northern Branch,Dublin North East
Marino Health Centre (Hse),Dublin Northern Branch,Dublin North East
Maryfield Nursing Home,Dublin Northern Branch,Dublin North East
Marymount Care Centre (Lucan),Dublin Northern Branch,Dublin North East
Mater Private Hospital (Dublin),Dublin Northern Branch,Dublin North East
Mater University Hospital,Dublin Northern Branch,Dublin North East
Meath Disability Services,Meath,Dublin North East
Meath Pallative Care (Hse),Meath,Dublin North East
Meath-Unknown,Meath,Dublin North East
Medical Family Clinic,Dublin Northern Branch,Dublin North East
Medicus Medical Centre,Dublin Northern Branch,Dublin North East
Medtronic Ireland Ltd,Dublin Northern Branch,Dublin North East
Midland Private Clinic,Mullingar,Dublin North East
Midland Regional Hospital Mullingar,Mullingar,Dublin North East
Midlands Disability Services (Longford/Westmeath),Longford,Dublin North East
Midoc (Gp Service-Athlone),Athlone,Dublin North East
Midoc (Gp Service-Longford),Longford,Dublin North East
Midoc (Gp Service-Mullingar),Mullingar,Dublin North East
Millbury Nursing Home,Meath,Dublin North East
Millmount Health Centre (Hse),Dublin Northern Branch,Dublin North East
Moate Medical Centre,Mullingar,Dublin North East
Moate Nursing Home,Mullingar,Dublin North East
Monaghan General Hospital,Monaghan,Dublin North East
Monaghan Group Practice,Monaghan,Dublin North East
Monaghan-Unknown,Monaghan,Dublin North East
Mondelez Ireland,Dublin Northern Branch,Dublin North East
Moore Hall Nursing Home,Drogheda,Dublin North East
Mosney Centre,Meath,Dublin North East
Mount Hybla Nursing Home,Dublin Northern Branch,Dublin North East
Mount Nugent Nursing Home,Cavan,Dublin North East
Mount Oliver Convent(Retirement Hme,Dundalk,Dublin North East
Mountjoy Prison,Dublin Northern Branch,Dublin North East
Mowlam Healthcare (Dublin),Dublin Northern Branch,Dublin North East
Mowlam Healthcare (Westmeath),Mullingar,Dublin North East
Muiriosa Foundation (Mullingar),Mullingar,Dublin North East
Mullinahinch House,Monaghan,Dublin North East
Mullingar-Unknown,Mullingar,Dublin North East
National Forensic Mental Health Service (Portrane),Dublin Northern Branch,Dublin North East
National Screening Service,Dublin Northern Branch,Dublin North East
Navan Road Community Nursing Unit,Dublin Northern Branch,Dublin North East
Nazareth House Nursing Home (Dublin),Dublin Northern Branch,Dublin North East
Nedoc(Gp Service-Hse North East),Cavan,Dublin North East
Newbrook Lodge Nursing Home,Mullingar,Dublin North East
Newpark Care Centre (Nursing Home),Dublin Northern Branch,Dublin North East
Nmpdu North East (Hse),Dundalk,Dublin North East
North Clarence Street Health Centre (Hse),Dublin Northern Branch,Dublin North East
North Strand Health Centre (Hse),Dublin Northern Branch,Dublin North East
Northwood Nursing Home,Dublin Northern Branch,Dublin North East
Nurse On Call (Midlands),Mullingar,Dublin North East
Nurse On Call (North Eastern Region),Monaghan,Dublin North East
Oakview Nursing Home (Cavan),Cavan,Dublin North East
Oberstown House (Dept.Of Justice),Dublin Northern Branch,Dublin North East
Oldtown Health Centre (Hse),Dublin Northern Branch,Dublin North East
Order Of Malta (Drogheda),Drogheda,Dublin North East
Oriel House,Monaghan,Dublin North East
Orpea Ireland (Meath),Meath,Dublin North East
Our Lady Of Lourdes Hospital,Drogheda,Dublin North East
Our Lady's Manor Nursing Home Edgeworthstown,Longford,Dublin North East
Our Ladys Hospital(Navan),Meath,Dublin North East
Our Ladys Manor Nursing Home (Longford),Longford,Dublin North East
Ozanam Day Centre(Co Louth),Drogheda,Dublin North East
Parkview  Nursing Home,Cavan,Dublin North East
Portiuncula Nursing Home,Mullingar,Dublin North East
Portmarnock Health Centre (Hse),Dublin Northern Branch,Dublin North East
Quarry Road Health Centre (Hse),Dublin Northern Branch,Dublin North East
Quinn Health Care,Dublin Northern Branch,Dublin North East
Quintiles Ireland Ltd,Dublin Northern Branch,Dublin North East
Raheny Community Nursing Unit (Part Of Beaumont Hosp.,Dublin Northern Branch,Dublin North East
Raheny House Nursing Home,Dublin Northern Branch,Dublin North East
Rathborne Nursing Home,Dublin Northern Branch,Dublin North East
Rathdown Health Centre (Hse),Dublin Northern Branch,Dublin North East
Ratoath Manor Nursing Home,Meath,Dublin North East
Rcsi Hospital Group,Dublin Northern Branch,Dublin North East
Redwood Care Facility,Meath,Dublin North East
Resilience Care (North East),Monaghan,Dublin North East
Riverside Nursing Home,Dublin Northern Branch,Dublin North East
Rose Lodge Nursing Home,Mullingar,Dublin North East
Roselawn Health Centre,Dublin Northern Branch,Dublin North East
Rotunda Hospital,Dublin Northern Branch,Dublin North East
Rush Health Centre (Hse),Dublin Northern Branch,Dublin North East
Rush Nursing Home (Mowlam Group),Dublin Northern Branch,Dublin North East
Sacred Heart Nursing Home(Clones),Monaghan,Dublin North East
Sacred Heart Residence (Nursing Home),Dublin Northern Branch,Dublin North East
Sancta Maria Nursing Home,Meath,Dublin North East
Santa Sabina Nursing Home,Dublin Northern Branch,Dublin North East
Santa Sebina House Nursing Home,Dublin Northern Branch,Dublin North East
Scottish Nursing Guild (North East),Cavan,Dublin North East
Seamus Ennis Road Health Centre (Hse),Dublin Northern Branch,Dublin North East
Sean Carra Community Unit(Erh-North,Dublin Northern Branch,Dublin North East
Servisource (North East),Dundalk,Dublin North East
Sheelin Nursing Home,Cavan,Dublin North East
Shrewsbury Nursing Home,Dublin Northern Branch,Dublin North East
Silver Stream (Dundalk) Nursing Home,Dundalk,Dublin North East
Silver Stream Healthcare (Clontarf Private N/H),Dublin Northern Branch,Dublin North East
Silver Stream Healthcare (St. Pappins N/H),Dublin Northern Branch,Dublin North East
Silvergrove Nursing Home,Meath,Dublin North East
Sims Clinic (Swords),Dublin Northern Branch,Dublin North East
Skerries Health Centre (Hse),Dublin Northern Branch,Dublin North East
Sonas Care Centre,Athlone,Dublin North East
South Westmeath Hospice,Athlone,Dublin North East
Special Care Unit( Hse-North East),Meath,Dublin North East
Sports Surgery Clinic(Dublin 9),Dublin Northern Branch,Dublin North East
St Attracta's Nursing Home,Castlebar,Dublin North East
St Brendans Hospital(Grangegorman),Dublin Northern Branch,Dublin North East
St Bricins Military Hosp.,Dublin Northern Branch,Dublin North East
St Brigids Hospital(Ardee),Drogheda,Dublin North East
St Christophers Centre (Longford),Longford,Dublin North East
St Christophers Hospice,Cavan,Dublin North East
St Clairs Nursing Home (Mullingar),Mullingar,Dublin North East
St Clare's Nursing Home,Dublin Northern Branch,Dublin North East
St Clares Home (Ballymun),Dublin Northern Branch,Dublin North East
St Colmcilles Nursing Home,Meath,Dublin North East
St Columbans Nursing Home (Navan),Meath,Dublin North East
St Doolaghs Park Care &Rehabilitation Centre,Dublin Northern Branch,Dublin North East
St Elizabeths Nursing Home,Meath,Dublin North East
St Francis Hospice - Blanchardstown,Dublin Northern Branch,Dublin North East
St Francis Hospice - Raheny,Dublin Northern Branch,Dublin North East
St Francis Nursing Home (Dundalk),Dundalk,Dublin North East
St Francis Priv.Hosp.(Mullingar),Mullingar,Dublin North East
St Gabriels Nursing Home,Dublin Northern Branch,Dublin North East
St Hildas Services,Athlone,Dublin North East
St Joseph's Id Services - Portrane - (St Ita'S),Dublin Northern Branch,Dublin North East
St Joseph's Nursing Home (Ballybay Monaghan),Monaghan,Dublin North East
St Josephs Care Centre (Longford),Longford,Dublin North East
St Josephs Home (Ardee),Drogheda,Dublin North East
St Josephs Hospital .Raheny (Part Of Beaumont Hosp),Dublin Northern Branch,Dublin North East
St Josephs Hospital (Trim),Meath,Dublin North East
St Josephs Nursing Home (Virginia),Cavan,Dublin North East
St Josephs School For The Blind,Dublin Northern Branch,Dublin North East
St Lomans (Mullingar),Mullingar,Dublin North East
St Marys Centre (Delvin),Mullingar,Dublin North East
St Marys Centre(Drumcar),Drogheda,Dublin North East
St Marys Hospital(Castleblaney),Monaghan,Dublin North East
St Marys Hospital(Drogheda),Drogheda,Dublin North East
St Marys Hospital(Phoenix Park),Dublin Northern Branch,Dublin North East
St Marys Ortho.Hospital (Baldoyle),Dublin Northern Branch,Dublin North East
St Michaels House,Dublin Northern Branch,Dublin North East
St Monica's Nursing Home (Dublin),Dublin Northern Branch,Dublin North East
St Oliver Plunkett Hospital(Dundalk,Dundalk,Dublin North East
St Patrick's Nursing Home (Cowper Care),Dublin Northern Branch,Dublin North East
St Pauls Hospital (Part Of Mater Hosp),Dublin Northern Branch,Dublin North East
St Peters Centre(Castlepollard),Mullingar,Dublin North East
St Peters Nursing Home (Castlebellingham),Dundalk,Dublin North East
St Ursulas Nursing Home,Meath,Dublin North East
St Vincents Care Centre,Athlone,Dublin North East
St Vincents Hospital(Fairview),Dublin Northern Branch,Dublin North East
Summerhill Health Centre (Hse),Dublin Northern Branch,Dublin North East
Sunhill Nursing Home,Drogheda,Dublin North East
Swords Health Centre,Dublin Northern Branch,Dublin North East
Swords Health Centre (Women's Aid Hse),Dublin Northern Branch,Dublin North East
Swords Nursing Home (Mowlam Group),Dublin Northern Branch,Dublin North East
Talbot Lodge Nursing Home (Malahide),Dublin Northern Branch,Dublin North East
Talbot Nursing Home (Stamullen),Meath,Dublin North East
Tara Winthrop Nursing Home,Dublin Northern Branch,Dublin North East
Tcp Homecare (North East),Drogheda,Dublin North East
The Clinic Medical Practice-(Kinnegad),Mullingar,Dublin North East
The Granby Centre,Dublin Northern Branch,Dublin North East
The Meridian Clinic (Ongar),Dublin Northern Branch,Dublin North East
The Peter Mc Verry Trust,Dublin Northern Branch,Dublin North East
Thomond Lodge Retirement Village,Longford,Dublin North East
Tlc Carton,Dublin Northern Branch,Dublin North East
Tlc Nursing Home Santry,Dublin Northern Branch,Dublin North East
Tonlagee Phcc (Edenmore Health Centre (Hse)),Dublin Northern Branch,Dublin North East
Vhi Nurse Line,Meath,Dublin North East
Vhi Swift Clinic (Dcu),Dublin Northern Branch,Dublin North East
Virginia Health Care Centre,Cavan,Dublin North East
Watergate Medical Centre (Gp Practice),Meath,Dublin North East
Well Woman Centre (Coolock),Dublin Northern Branch,Dublin North East
Wellmount Health Centre (Hse),Dublin Northern Branch,Dublin North East
Wilson Hospital School - (Mullingar),Mullingar,Dublin North East
Winfield Nursing Home,Meath,Dublin North East
Woodlands House Nursing Home,Meath,Dublin North East
Wyeth Ireland Ltd,Dublin Northern Branch,Dublin North East
24 Hour Care Services (Mid-West),Clare,"Mid-West, West and North West"
24 Hour Care Services (North West),Sligo,"Mid-West, West and North West"
24 Hour Care Services (West),Galway,"Mid-West, West and North West"
Abbey Haven Nursing Home,Roscommon,"Mid-West, West and North West"
Abbeybreaffy Nursing Home (Castlebar),Castlebar,"Mid-West, West and North West"
Abbot Close Nursing Home,Limerick,"Mid-West, West and North West"
Abbvie Ireland (West),Galway,"Mid-West, West and North West"
Ability West (Galway),Galway,"Mid-West, West and North West"
Adare & District Nursing Home,Limerick,"Mid-West, West and North West"
Alzheimer Society (Mid Western Region),Clare,"Mid-West, West and North West"
Alzheimer Society (Watermans Lodge Care Centre),Clare,"Mid-West, West and North West"
Alzheimers Society,Ballina,"Mid-West, West and North West"
An Teaghlach Uilinn,Galway,"Mid-West, West and North West"
Aperee Living (Millrace Nursing Home),Ballinasloe,"Mid-West, West and North West"
Aperee Living Galway,Galway,"Mid-West, West and North West"
Aras Attracta (Swinford),Ballina,"Mid-West, West and North West"
Aras Chois Fharragh Nursing Home,Galway,"Mid-West, West and North West"
Aras Deirbhle Nursing Unit,Ballina,"Mid-West, West and North West"
Aras Goath Dobhair Private Nursing Home,Letterkenny,"Mid-West, West and North West"
Aras Mac Dara (Carraroe),Galway,"Mid-West, West and North West"
Aras Mhathair Phoil (Castlerea),Roscommon,"Mid-West, West and North West"
Aras Mhic Shuibhne (Nursing Home),Letterkenny,"Mid-West, West and North West"
Aras Ronain Nursing Unit-(Aran Is),Galway,"Mid-West, West and North West"
Aras Ui Dhomhnaill,Letterkenny,"Mid-West, West and North West"
Ard Aoibhinn Centre-Carndonagh-Nw,Inishowen,"Mid-West, West and North West"
Ard Greine Court,Letterkenny,"Mid-West, West and North West"
Ardeen Nursing Home,Tipperary-North-Mwhb,"Mid-West, West and North West"
Ards Nursing Home,Letterkenny,"Mid-West, West and North West"
Arus Breffini(Welfare-Manorhamilton,Leitrim,"Mid-West, West and North West"
Arus Carolan Nursing Unit,Leitrim,"Mid-West, West and North West"
Arus Goath Dobhair Nursing Home,Inishowen,"Mid-West, West and North West"
Arus Mhuire Community Nursing Unit (Tuam),Galway,"Mid-West, West and North West"
Asthma Society Of Ireland (Leitrim/Sligo),Leitrim,"Mid-West, West and North West"
Athlunkard House Nursing Home,Clare,"Mid-West, West and North West"
Aughinish Alumina,Limerick,"Mid-West, West and North West"
Ave Maria Nursing Home,Castlebar,"Mid-West, West and North West"
Avista (Lisnagry),Limerick,"Mid-West, West and North West"
Avista (Roscrea),Tipperary-North-Mwhb,"Mid-West, West and North West"
Baileys Nursing Home,Sligo,"Mid-West, West and North West"
Ballina Beveages,Ballina,"Mid-West, West and North West"
Ballina District Hospital,Ballina,"Mid-West, West and North West"
Ballina-Unknown,Ballina,"Mid-West, West and North West"
Ballinamore Nursing Unit,Leitrim,"Mid-West, West and North West"
Ballinasloe Cnu,Ballinasloe,"Mid-West, West and North West"
Ballinasloe-Unknown,Ballinasloe,"Mid-West, West and North West"
Ballinderry Nursing Home (Ballinasloe),Ballinasloe,"Mid-West, West and North West"
Ballymacool Respite House(Hse-N.West),Letterkenny,"Mid-West, West and North West"
Ballymote Community Nursing Unit,Sligo,"Mid-West, West and North West"
Ballyshannon Cnu,South Donegal,"Mid-West, West and North West"
Ballytivnan Resource Centre,Sligo,"Mid-West, West and North West"
Ballytrim House,Letterkenny,"Mid-West, West and North West"
Beach Hill Manor (Private Nursing Home),Letterkenny,"Mid-West, West and North West"
Beech Lodge Care Facility,Limerick,"Mid-West, West and North West"
Beechwood Nursing Home,Limerick,"Mid-West, West and North West"
Belmullet District Hospital,Ballina,"Mid-West, West and North West"
Blackrocks Private Retirement Home,Ballina,"Mid-West, West and North West"
Bluebird Care (Mayo),Castlebar,"Mid-West, West and North West"
Bluebird Care (Roscommon),Roscommon,"Mid-West, West and North West"
Bluebird Home Care,Limerick,"Mid-West, West and North West"
Bon Secours Hospital (Galway),Galway,"Mid-West, West and North West"
Bon Secours Hospital Limerick,Limerick,"Mid-West, West and North West"
Brampton Care Home,Galway,"Mid-West, West and North West"
Brindley Healthcare,Letterkenny,"Mid-West, West and North West"
Brookvale Manor Nursing Home,Castlebar,"Mid-West, West and North West"
Bros Of Chariry(Woodlands Centre),Galway,"Mid-West, West and North West"
Bros Of Charity - Bawnmore Centre,Limerick,"Mid-West, West and North West"
Bros Of Charity (Athenry),Galway,"Mid-West, West and North West"
Bros Of Charity (Kilcolgan),Galway,"Mid-West, West and North West"
Bros Of Charity Services (Ennis),Clare,"Mid-West, West and North West"
Bros Of Charity-Briar Hill-Galway,Galway,"Mid-West, West and North West"
Bros Of Charity-Bruach-Na-Mara-Galw,Galway,"Mid-West, West and North West"
Bros Of Charity-Cherry House(Roscommon),Roscommon,"Mid-West, West and North West"
Bros Of Charity-Cranog-Galway,Galway,"Mid-West, West and North West"
Bros Of Charity-Four Seasons-Galway,Galway,"Mid-West, West and North West"
Bros Of Charity-Newcastle-Galway,Galway,"Mid-West, West and North West"
Bros Of Charity-Roscommon,Roscommon,"Mid-West, West and North West"
Bros Of Charity-Rosedale School-Galw,Galway,"Mid-West, West and North West"
Bros Of Charity-St Senans Centre,Limerick,"Mid-West, West and North West"
Bros Of Charity-Stepping Stone-Galw,Galway,"Mid-West, West and North West"
Bros Of Charity(Fairland Pk-Galway),Galway,"Mid-West, West and North West"
Bros Of Charity(Kilcornan Centre),Galway,"Mid-West, West and North West"
Bros.Of Charity(Gort),Galway,"Mid-West, West and North West"
Brothers Of Charity (Ballinasloe),Ballinasloe,"Mid-West, West and North West"
Brothers Of Charity(Pope John Paul),Galway,"Mid-West, West and North West"
Brothers Of Charity(Renmore Centre),Galway,"Mid-West, West and North West"
Buncrana Medical Centre (Gp Practice),Inishowen,"Mid-West, West and North West"
Buncrana Nursing Unit,Inishowen,"Mid-West, West and North West"
Bundoran Residential Unit(Nwhb),South Donegal,"Mid-West, West and North West"
Bushfield Care Centre- (Formerly Oranmore Care Centre),Galway,"Mid-West, West and North West"
Caherass Nursing Home,Limerick,"Mid-West, West and North West"
Cahercalla Community Hospital,Clare,"Mid-West, West and North West"
Caiseal Gael Teach Altranais (Castlegar Nursing Home),Galway,"Mid-West, West and North West"
Camhs,Galway,"Mid-West, West and North West"
Cancer Care West,Galway,"Mid-West, West and North West"
Carebright (Limerick),Limerick,"Mid-West, West and North West"
Carna Nursing Home,Galway,"Mid-West, West and North West"
Carndonagh Community Hospital,Inishowen,"Mid-West, West and North West"
Carrigoran House,Clare,"Mid-West, West and North West"
Cashel-Na-Car Centre(Hse-North West,Inishowen,"Mid-West, West and North West"
Castlebar-Unknown,Castlebar,"Mid-West, West and North West"
Castleturvin Nursing Home (Athenry),Galway,"Mid-West, West and North West"
Catherine Mc Auley House (Limerick),Limerick,"Mid-West, West and North West"
Cellaboibhinn Group Home,South Donegal,"Mid-West, West and North West"
Central Park Private Nursing Home (Ballinasloe),Ballinasloe,"Mid-West, West and North West"
Centric Health (Limerick),Limerick,"Mid-West, West and North West"
Cheshire Home (Ballina),Ballina,"Mid-West, West and North West"
Cheshire Home (Newcastlewest),Limerick,"Mid-West, West and North West"
Cheshire Home (Sligo),Sligo,"Mid-West, West and North West"
Cheshire Ireland (Donegal),Letterkenny,"Mid-West, West and North West"
Child & Family Agency (Tusla) - Western Region,Galway,"Mid-West, West and North West"
Child & Family Agency-Tusla (Letterkenny),Letterkenny,"Mid-West, West and North West"
Child & Family Agency-Tusla- (Limerick),Limerick,"Mid-West, West and North West"
Cill Aoibhinn,Letterkenny,"Mid-West, West and North West"
Clare-Unknown,Clare,"Mid-West, West and North West"
Claremont Nursing Home,Castlebar,"Mid-West, West and North West"
Clarinbridge Nursing Home,Galway,"Mid-West, West and North West"
Clifden District Hospital,Galway,"Mid-West, West and North West"
Clifden Medical Practice,Galway,"Mid-West, West and North West"
Cloonamahon Centre (Sligo),Sligo,"Mid-West, West and North West"
Clover Hill Nursing Home (Sligo),Sligo,"Mid-West, West and North West"
Cnme (Donegal),Letterkenny,"Mid-West, West and North West"
Cnme (Sligo),Sligo,"Mid-West, West and North West"
Cnme Galway,Galway,"Mid-West, West and North West"
Cnme Mayo/Roscommon,Castlebar,"Mid-West, West and North West"
Communicare Healthcare (Tipperary),Tipperary-North-Mwhb,"Mid-West, West and North West"
Communicare Healthcare (Western Region),Ballina,"Mid-West, West and North West"
Community Care Area Ballina,Ballina,"Mid-West, West and North West"
Community Care Area Ballinasloe,Ballinasloe,"Mid-West, West and North West"
Community Care Area Castlebar,Castlebar,"Mid-West, West and North West"
Community Care Area Clare,Clare,"Mid-West, West and North West"
Community Care Area Donegal,Letterkenny,"Mid-West, West and North West"
Community Care Area Galway,Galway,"Mid-West, West and North West"
Community Care Area Inishowen,Inishowen,"Mid-West, West and North West"
Community Care Area Leitrim,Leitrim,"Mid-West, West and North West"
Community Care Area Limerick,Limerick,"Mid-West, West and North West"
Community Care Area Mayo,Ballina,"Mid-West, West and North West"
Community Care Area North West (Ballyshannon),South Donegal,"Mid-West, West and North West"
Community Care Area North West (Carndonagh),Inishowen,"Mid-West, West and North West"
Community Care Area North West (Letterkenny),Letterkenny,"Mid-West, West and North West"
Community Care Area Roscommon,Roscommon,"Mid-West, West and North West"
Community Care Area Sligo,Sligo,"Mid-West, West and North West"
Community Care Area Tipperary North,Tipperary-North-Mwhb,"Mid-West, West and North West"
Compaq Computer Company,Galway,"Mid-West, West and North West"
Coral Haven Nursing Home,Galway,"Mid-West, West and North West"
Corbally House Nursing Home,Limerick,"Mid-West, West and North West"
Corrandulla Nursing Home,Galway,"Mid-West, West and North West"
Costello's Nursing Home,Roscommon,"Mid-West, West and North West"
Cpl - Mid-West,Limerick,"Mid-West, West and North West"
Cpl (North West),Letterkenny,"Mid-West, West and North West"
Cpl Health Care (West),Galway,"Mid-West, West and North West"
Cregg House - Hse Id Services,Sligo,"Mid-West, West and North West"
Croom Orthopaedic Hospital,Limerick,"Mid-West, West and North West"
Cuala Senior Care Ltd (Horizon Home Care),Roscommon,"Mid-West, West and North West"
Cuan Chaitriona Nursing Home,Castlebar,"Mid-West, West and North West"
Cuan Mhuire (Athenry),Galway,"Mid-West, West and North West"
Curam Altranais,Limerick,"Mid-West, West and North West"
Dalton Community Nursing Unit,Castlebar,"Mid-West, West and North West"
Dean Maxwell Community Unit,Tipperary-North-Mwhb,"Mid-West, West and North West"
Dept Public Health - Health Protection (Cho 3),Limerick,"Mid-West, West and North West"
Donegal Hospice(Hse-North West),Letterkenny,"Mid-West, West and North West"
Donegal Town Community Hospital,South Donegal,"Mid-West, West and North West"
Dr Ulrich Bartels Limited,Castlebar,"Mid-West, West and North West"
Dromahair Primary Care Centre (Gp Practice),Leitrim,"Mid-West, West and North West"
Dromcollogher & District Respite Care Centre,Limerick,"Mid-West, West and North West"
Drumderrig House Nursing Home,Roscommon,"Mid-West, West and North West"
Dungloe District Hospital,Letterkenny,"Mid-West, West and North West"
Duplicate ** Galway  (Private Hospital),Galway,"Mid-West, West and North West"
Eagle Lodge Cardiac Clinic,Limerick,"Mid-West, West and North West"
Ei Electronics (Shannon),Clare,"Mid-West, West and North West"
Employment Health Advisors (Limerick),Limerick,"Mid-West, West and North West"
Enable Ireland (Limerick),Limerick,"Mid-West, West and North West"
Ennis General Hospital,Clare,"Mid-West, West and North West"
Ennis Nursing Home,Clare,"Mid-West, West and North West"
Ennis Road Nursing Facility,Limerick,"Mid-West, West and North West"
Ennistymon District Hospital,Clare,"Mid-West, West and North West"
Falcarragh Nursing Unit,Letterkenny,"Mid-West, West and North West"
Fearna Manor Nursing Home,Roscommon,"Mid-West, West and North West"
Flannerys Nursing Home (Tuam),Galway,"Mid-West, West and North West"
Fresenius Medical Care (Limerick),Limerick,"Mid-West, West and North West"
Friars Lodge Nursing Home,Ballina,"Mid-West, West and North West"
Gallagher House(Hse-North West),Sligo,"Mid-West, West and North West"
Galway Clinic (Private),Galway,"Mid-West, West and North West"
Galway Fertility Clinic,Galway,"Mid-West, West and North West"
Galway Hospice Foundation,Galway,"Mid-West, West and North West"
Galway Traveller Movement,Galway,"Mid-West, West and North West"
Galway University College Hospital,Galway,"Mid-West, West and North West"
Galway-Unknown,Galway,"Mid-West, West and North West"
Garbally Nursing Home (Ballinasloe),Ballinasloe,"Mid-West, West and North West"
Gateway,Sligo,"Mid-West, West and North West"
Good Council Nursing Home,Limerick,"Mid-West, West and North West"
Grange Surgery (Gp Practice),Sligo,"Mid-West, West and North West"
Greenpark Nursing Home,Galway,"Mid-West, West and North West"
Harbour Lights Nursing Home,South Donegal,"Mid-West, West and North West"
Hillcrest Nursing Home,Letterkenny,"Mid-West, West and North West"
Hillside Nursing Home,Ballinasloe,"Mid-West, West and North West"
Holy Family Nursing Home (Ballinasloe),Ballinasloe,"Mid-West, West and North West"
Hospital Of The Assumption,Tipperary-North-Mwhb,"Mid-West, West and North West"
Hse Western Area Psychiatric Nursing Svcs Mayo,Ballina,"Mid-West, West and North West"
Inbhear-Na-Mara Unit(Hse-N.West),South Donegal,"Mid-West, West and North West"
Inishowen Intellectual Disability Services,Inishowen,"Mid-West, West and North West"
Inishowen-Unknown,Inishowen,"Mid-West, West and North West"
Innis Ree Lodge (N/H),Roscommon,"Mid-West, West and North West"
Irish Blood Transfusion Board (Galway),Galway,"Mid-West, West and North West"
Irish Blood Transfusion Board (Limerick),Limerick,"Mid-West, West and North West"
Irish Cancer Society (Galway),Galway,"Mid-West, West and North West"
Irish Cancer Society (Leitrim),Leitrim,"Mid-West, West and North West"
Irish Cancer Society (Letterkenny),Letterkenny,"Mid-West, West and North West"
Irish Cancer Society (Limerick/North Kerry Area),Limerick,"Mid-West, West and North West"
Irish Cancer Society (North West),Letterkenny,"Mid-West, West and North West"
Irish Family Planning Ass.(Galway),Galway,"Mid-West, West and North West"
Irish Wheelchair Association (Galway),Galway,"Mid-West, West and North West"
Jack  & Jill Foundation  (Mid West),Limerick,"Mid-West, West and North West"
Jack & Jill Foundation (North West),Letterkenny,"Mid-West, West and North West"
James Connolly Centre,Inishowen,"Mid-West, West and North West"
Kilcolgan Nursing Home,Galway,"Mid-West, West and North West"
Killeline Nursing Home,Limerick,"Mid-West, West and North West"
Killybegs Community Hospital,South Donegal,"Mid-West, West and North West"
Kingsbridge Private Hospital (Sligo),Sligo,"Mid-West, West and North West"
Lakes Nursing Home (Killaloe),Clare,"Mid-West, West and North West"
Larissa Lodge Nursing Home,Letterkenny,"Mid-West, West and North West"
Leitrim-Unknown,Leitrim,"Mid-West, West and North West"
Letterkenny University Hospital,Letterkenny,"Mid-West, West and North West"
Letterkenny-Unknown,Letterkenny,"Mid-West, West and North West"
Lifford District Hospital,Letterkenny,"Mid-West, West and North West"
Limerick Drug & Alcohol Service,Limerick,"Mid-West, West and North West"
Limerick-Unknown,Limerick,"Mid-West, West and North West"
Lisheen Nursing Home(Limerick),Limerick,"Mid-West, West and North West"
Little Flower Nursing Home,Galway,"Mid-West, West and North West"
Lough Corrib Nursing Home,Galway,"Mid-West, West and North West"
Lough Erril Private Nursing Home,Leitrim,"Mid-West, West and North West"
Loughtown House (Hse-North West),Leitrim,"Mid-West, West and North West"
Maria Goretti Nursing Home,Limerick,"Mid-West, West and North West"
Marian House Respite Home (Mayo),Castlebar,"Mid-West, West and North West"
Marina House Medical Centre (Gp Practice),Galway,"Mid-West, West and North West"
Maryfield Nursing Home (Athenry) - Western Alzheimers,Galway,"Mid-West, West and North West"
Mayo General Hospital,Castlebar,"Mid-West, West and North West"
Mayo- Unknown,Ballina,"Mid-West, West and North West"
Mc Bride Community Nursing Unit,Castlebar,"Mid-West, West and North West"
Meadowlands Nursing Home,Roscommon,"Mid-West, West and North West"
Medtronic (Galway),Galway,"Mid-West, West and North West"
Merlin Park (Unit 5/6) Hospital,Galway,"Mid-West, West and North West"
Merlin Park Hospital,Galway,"Mid-West, West and North West"
Milford Care Centre,Limerick,"Mid-West, West and North West"
Millbrae Lodge Nursing Home,Tipperary-North-Mwhb,"Mid-West, West and North West"
Mount Carmel Nursing Home,Tipperary-North-Mwhb,"Mid-West, West and North West"
Mowlam Health Care (Limerick),Limerick,"Mid-West, West and North West"
Mowlam Health Care(Clare),Clare,"Mid-West, West and North West"
Mowlam Healthcare - Sligo,Sligo,"Mid-West, West and North West"
Moy Ridge Nursing Home,Ballina,"Mid-West, West and North West"
Moycullen Nursing Home,Galway,"Mid-West, West and North West"
Mystical Rose Nursing Home,Galway,"Mid-West, West and North West"
National Cancer Registry (Ncri) - Limerick,Limerick,"Mid-West, West and North West"
National Screening Service (North West),Letterkenny,"Mid-West, West and North West"
Nazareth House (Sligo),Sligo,"Mid-West, West and North West"
Nazareth House(Lifford),Letterkenny,"Mid-West, West and North West"
Nenagh General Hospital,Tipperary-North-Mwhb,"Mid-West, West and North West"
Nenagh Manor Nursing Home,Tipperary-North-Mwhb,"Mid-West, West and North West"
Nestle Wyeth Ireland,Limerick,"Mid-West, West and North West"
New Line Health Centre (Gp Practice),Galway,"Mid-West, West and North West"
North West Hospice Care,Sligo,"Mid-West, West and North West"
North West Parents & Friends,Sligo,"Mid-West, West and North West"
Northern Telecom,Galway,"Mid-West, West and North West"
Nowdoc-(Gp Service- Hse-North West),Letterkenny,"Mid-West, West and North West"
Nurse On Call (Galway),Galway,"Mid-West, West and North West"
Nurse On Call (North West),Letterkenny,"Mid-West, West and North West"
Nurse On Call (Tipperary),Tipperary-North-Mwhb,"Mid-West, West and North West"
Nursing & Midwifery Planning Dev. Unit (Hse-N.We,South Donegal,"Mid-West, West and North West"
O'Dwyers Cheshire Home (Swinford),Castlebar,"Mid-West, West and North West"
Oakwood Nursing Home (Roscommon),Roscommon,"Mid-West, West and North West"
Oughterard Manor,Galway,"Mid-West, West and North West"
Our Ladys Hospital(Ennis),Clare,"Mid-West, West and North West"
Our Ladys Hospital(Manorhamilton),Sligo,"Mid-West, West and North West"
Padre Pio Nursing Home(Thurles),Tipperary-North-Mwhb,"Mid-West, West and North West"
Pfizer Chemicals,Limerick,"Mid-West, West and North West"
Piermount House,Letterkenny,"Mid-West, West and North West"
Pilgrims Rest Nursing Home,Ballina,"Mid-West, West and North West"
Plunkett Home(Boyle),Roscommon,"Mid-West, West and North West"
Portiuncula Hospital,Ballinasloe,"Mid-West, West and North West"
Portumna Retirement Village,Ballinasloe,"Mid-West, West and North West"
Premier Health Clinic (Gp Practice),Tipperary-North-Mwhb,"Mid-West, West and North West"
Queen Of Peace Nursing Home (Mayo),Ballina,"Mid-West, West and North West"
Raheen District Hospital,Clare,"Mid-West, West and North West"
Ramelton Nursing Unit,Letterkenny,"Mid-West, West and North West"
Regina House Nursing Unit(Kilrush),Clare,"Mid-West, West and North West"
Rehab Care (Sligo),Sligo,"Mid-West, West and North West"
Repromed Ireland (West),Galway,"Mid-West, West and North West"
Resilience Care (Clare),Clare,"Mid-West, West and North West"
Resilience Care (Western Region),Galway,"Mid-West, West and North West"
Riverdale Nursing Home,Clare,"Mid-West, West and North West"
Rivervale Nursing Home,Tipperary-North-Mwhb,"Mid-West, West and North West"
Roscommon University Hospital,Roscommon,"Mid-West, West and North West"
Roscommon-Unknown,Roscommon,"Mid-West, West and North West"
Rosemount House Nursing Home,Galway,"Mid-West, West and North West"
Rushmore Nursing Home,Galway,"Mid-West, West and North West"
Sacre Coeur Nursing Home,Tipperary-North-Mwhb,"Mid-West, West and North West"
Sacred Heart Home (Castlebar),Castlebar,"Mid-West, West and North West"
Sacred Heart Home (R'Common),Roscommon,"Mid-West, West and North West"
Scariff Medical Centre (Gp),Clare,"Mid-West, West and North West"
Scottish Nursing Guild (Mid-West),Limerick,"Mid-West, West and North West"
Scottish Nursing Guild (North West),Letterkenny,"Mid-West, West and North West"
Scottish Nursing Guild (West),Galway,"Mid-West, West and North West"
Seaview House(Hse-North West),Letterkenny,"Mid-West, West and North West"
Shannon Doc (Limerick),Limerick,"Mid-West, West and North West"
Sligo Medical Practice,Sligo,"Mid-West, West and North West"
Sligo Nursing Home (Mowlam),Sligo,"Mid-West, West and North West"
Sligo University Hospital,Sligo,"Mid-West, West and North West"
Sligo-Unknown,Sligo,"Mid-West, West and North West"
Sonas Nursing Home (Ballina),Ballina,"Mid-West, West and North West"
Sonas Nursing Home (Inis Ree),Roscommon,"Mid-West, West and North West"
Sonas Nursing Home (Roscommon),Roscommon,"Mid-West, West and North West"
Sonas Nursing Home (Sligo),Sligo,"Mid-West, West and North West"
South Donegal-Unknown,South Donegal,"Mid-West, West and North West"
Sports Clinic West,Castlebar,"Mid-West, West and North West"
St Anne's Private Nursing Home (Mayo),Ballina,"Mid-West, West and North West"
St Annes Nursing Unit(Clifden),Galway,"Mid-West, West and North West"
St Anthony's Nursing Home (Limerick),Limerick,"Mid-West, West and North West"
St Anthonys Special School,Castlebar,"Mid-West, West and North West"
St Augustines Nursing Unit,Ballina,"Mid-West, West and North West"
St Brendan's High Support Unit,Ballina,"Mid-West, West and North West"
St Brendans Cnu (Loughrea),Ballinasloe,"Mid-West, West and North West"
St Brigids Hospital(Ballinasloe)),Ballinasloe,"Mid-West, West and North West"
St Camillus Hospital,Limerick,"Mid-West, West and North West"
St Catherine's Nursing Home (Newcastle West),Limerick,"Mid-West, West and North West"
St Ciarans Day Centre(Ck-On-Shannon,Leitrim,"Mid-West, West and North West"
St Colmans Nursing Unit(Achill),Castlebar,"Mid-West, West and North West"
St Columbas Nursing Home,Galway,"Mid-West, West and North West"
St Conals Hospital,Letterkenny,"Mid-West, West and North West"
St Conlons Nursing Unit (Hse-Mid-West),Tipperary-North-Mwhb,"Mid-West, West and North West"
St Eunan's Nursing Home,Letterkenny,"Mid-West, West and North West"
St Fionnans Nursing Unit,Castlebar,"Mid-West, West and North West"
St Francis Day Services (Newcastle),Galway,"Mid-West, West and North West"
St Francis Nursing Home,Ballinasloe,"Mid-West, West and North West"
St Gabriel's School & Centre,Limerick,"Mid-West, West and North West"
St Itas Hospital(Newcastlewest),Limerick,"Mid-West, West and North West"
St Itas-Western Care Asso(Ballina),Ballina,"Mid-West, West and North West"
St Johns Hospital(Limerick),Limerick,"Mid-West, West and North West"
St Johns Hospital(Sligo),Sligo,"Mid-West, West and North West"
St Josephs Care Home (Tuam),Galway,"Mid-West, West and North West"
St Josephs Hospital (Ennis),Clare,"Mid-West, West and North West"
St Josephs Hospital (Limerick),Limerick,"Mid-West, West and North West"
St Josephs Hospital (Stranorlar),Letterkenny,"Mid-West, West and North West"
St Kieran's Nursing Home,Tipperary-North-Mwhb,"Mid-West, West and North West"
St Martins Respite-Hse-Nw,Letterkenny,"Mid-West, West and North West"
St Marys & Josephs Centre(Newport),Galway,"Mid-West, West and North West"
St Marys Residential Care Centre (Galway),Galway,"Mid-West, West and North West"
St Michaels Nursing Home (Co.Limerick),Limerick,"Mid-West, West and North West"
St Olivers (Western Care-Castlebar),Castlebar,"Mid-West, West and North West"
St Patricks Hospital (Hse-Nw),Leitrim,"Mid-West, West and North West"
St Pauls Nursing Home (Limerick),Limerick,"Mid-West, West and North West"
St Phelim's Nursing Home,Leitrim,"Mid-West, West and North West"
St Senan's .(Nursing Home) Kilrush,Clare,"Mid-West, West and North West"
St Theresa's Nursing Home (Co. Clare),Clare,"Mid-West, West and North West"
St Theresa's Nursing Home (Thurles),Tipperary-North-Mwhb,"Mid-West, West and North West"
Stella Maris Nursing Home,Clare,"Mid-West, West and North West"
Suainhneas Respite Centre(Nwhb-Slig,Sligo,"Mid-West, West and North West"
Summerville Healthcare (N/H),Sligo,"Mid-West, West and North West"
Swinford District Hospital,Ballina,"Mid-West, West and North West"
Tcp Home Care (Limerick),Limerick,"Mid-West, West and North West"
Tcp Home Care (Western Region),Galway,"Mid-West, West and North West"
Tearmainn Bhride Nursing Home,Roscommon,"Mid-West, West and North West"
The Park Nursing Home (Limerick),Limerick,"Mid-West, West and North West"
Thorpe's Nursing Home,Limerick,"Mid-West, West and North West"
Ti Aire Nursing Home (Belmullet),Ballina,"Mid-West, West and North West"
Tipperary-North-Mwhb-Unknown,Tipperary-North-Mwhb,"Mid-West, West and North West"
Ttm Healthcare (Ennis),Clare,"Mid-West, West and North West"
University Hospital Limerick,Limerick,"Mid-West, West and North West"
University Maternity Hospital Limerick,Limerick,"Mid-West, West and North West"
Vhi (Galway),Galway,"Mid-West, West and North West"
Vhi (Limerick),Limerick,"Mid-West, West and North West"
Villa Marie Nursing Home,Tipperary-North-Mwhb,"Mid-West, West and North West"
Village Care Centre,Galway,"Mid-West, West and North West"
Wellstone Clinic (Galway),Galway,"Mid-West, West and North West"
Westdoc (Gp Service-Hse-West),Galway,"Mid-West, West and North West"
Western Alzheimer Foundation,Castlebar,"Mid-West, West and North West"
Western Care -  (St Johns),Galway,"Mid-West, West and North West"
24 Hour Care Services (Southern Region),Kerry,South - South East
360 Medical,Cork Vol/Private Branch,South - South East
Abbeygale House Nursing Home,Wexford,South - South East
Abbeylands Nursing Home,Mallow,South - South East
Abode (Cork),Cork Vol/Private Branch,South - South East
Acorn Lodge Nursing Home,Cashel - ( Sehb ),South - South East
Advanced Medical Services,Cork Vol/Private Branch,South - South East
Affidea Expresscare (Cork),Cork Vol/Private Branch,South - South East
Aiseiri Treatment Centre,Cashel - ( Sehb ),South - South East
Aislinn Care Centre,Kilkenny,South - South East
Allergy Clinic (Cork),Mallow,South - South East
Alzheimers Society Day Centre (Waterford),Waterford,South - South East
Amberley Nursing Home,Mallow,South - South East
Aperee Belgooly Cramers Court Nursing Home,Cork Vol/Private Branch,South - South East
Aperee Churchtown Mallow Cork,Mallow,South - South East
Aperee Conna Nursing Home Cork,Cork Vol/Private Branch,South - South East
Aperee Deerpark House Nursing Home (Bantry),Bantry,South - South East
Aperee Haven Wood Retirement Village,Waterford,South - South East
Aperee Living (Ocean View Nursing Home),Kerry,South - South East
Aperee Living Kilkenny,Kilkenny,South - South East
Apple Operations Europe,Cork Vol/Private Branch,South - South East
Araglen House Nursing Home,Mallow,South - South East
Aras Mhuire Nursing Home(Listowel),Kerry,South - South East
Archerstrath Nursing Home,Kilkenny,South - South East
Ard Aoibhinn Centre(Wexford),Wexford,South - South East
Ardfoyle Convent,Cork Vol/Private Branch,South - South East
Ardu (Hse Substance Misuse),Kilkenny,South - South East
Ashborough Lodge Nursing Home,Kerry,South - South East
Ashlawn House Nursing Home,Clonmel - ( Sehb ),South - South East
Aurora Kilkenny),Kilkenny,South - South East
Ballincollig Comm Nursing Unit (Mowlam Healthcare),Cork Vol/Private Branch,South - South East
Ballincurrig Care Centre,Cork Vol/Private Branch,South - South East
Bandon Community Hospital,Cork H.S.E. Branch,South - South East
Bandon Day Care Centre,Cork H.S.E. Branch,South - South East
Bandon Medical Practice,Cork Vol/Private Branch,South - South East
Bantry Day Care Centre (Shb),Bantry,South - South East
Bantry General Hospital,Bantry,South - South East
Bantry-Unknown,Bantry,South - South East
Bausch & Lomb (Ire) Ltd,Waterford,South - South East
Beaumont Residential Care (Cork),Cork Vol/Private Branch,South - South East
Bethany House (Welfare-Carlow),Carlow,South - South East
Bishopscourt Residential Nursing Home,Cork Vol/Private Branch,South - South East
Blair's Hill Nursing Home,Cork Vol/Private Branch,South - South East
Blarney Nursing Home,Cork Vol/Private Branch,South - South East
Blue Themis Consulting,Cashel - ( Sehb ),South - South East
Bluebird Care (Tralee),Kerry,South - South East
Bluebird Homecare (South East),Kilkenny,South - South East
Bon Secours Care Village - Mount Desert,Cork Vol/Private Branch,South - South East
Bon Secours Hospital (Cork),Cork Vol/Private Branch,South - South East
Bon Secours Hospital (Tralee),Kerry,South - South East
Borris Lodge Nursing Home,Carlow,South - South East
Boston Scientific (Clonmel),Clonmel - ( Sehb ),South - South East
Bramleigh Hursing Home,Cashel - ( Sehb ),South - South East
Breast Check (Cork),Cork H.S.E. Branch,South - South East
Bridhaven Nursing Home,Mallow,South - South East
Brookfield Care Centre,Cork Vol/Private Branch,South - South East
Brookhaven Nursing Home,Kilkenny,South - South East
Bros Of Charity (Belmont Park Waterford),Waterford,South - South East
Bros Of Charity (Rosmiri Centre-Bandon),Cork Vol/Private Branch,South - South East
Bros Of Charity-Clonmel,Clonmel - ( Sehb ),South - South East
Bros Of Charity-St Patricks Centre-Upton,Cork Vol/Private Branch,South - South East
Bros Of Charity(Lota),Cork Vol/Private Branch,South - South East
Brother Jerome Day Care Centre (Share),Cork Vol/Private Branch,South - South East
Brothers Of Charity(Killarney),Kerry,South - South East
Bushmount Nursing Home,Clonakilty/Skibb.,South - South East
Caherciveen Dist.Hospital,Kerry,South - South East
Cahereen Care Centre,Cork Vol/Private Branch,South - South East
Callan Medical Centre,Kilkenny,South - South East
Care Choice - Clonakilty,Clonakilty/Skibb.,South - South East
Care Choice Montenotte,Cork Vol/Private Branch,South - South East
Care Choice Nursing Home (Macroom),Cork Vol/Private Branch,South - South East
Care Choice Nursing Home (Waterford),Waterford,South - South East
Care Choice Nursing Home Ballynoe,Cork Vol/Private Branch,South - South East
Care Direct Nursing Home,Waterford,South - South East
Caredoc ( Carlow ),Carlow,South - South East
Caredoc (Dungarvan),Waterford,South - South East
Caredoc (Waterford),Waterford,South - South East
Caredoc (Wexford),Wexford,South - South East
Caredoc CIT Carlow,Carlow,South - South East
Caredoc CIT Tipperary,Cashel - ( Sehb ),South - South East
Caredoc CIT Waterford,Waterford,South - South East
Caredoc CIT Wexford,Wexford,South - South East
Caredoc Tipperary,Cashel - ( Sehb ),South - South East
Carlow Day Centre,Carlow,South - South East
Carlow District Hospital,Carlow,South - South East
Carlow-Unknown,Carlow,South - South East
Carrigabrick Lodge,Mallow,South - South East
Carrighdoun Practice (Gp Practice),Waterford,South - South East
Carriglea M'Cap.Centre(Dungarvan),Waterford,South - South East
Cashel - ( Sehb )-Unknown,Cashel - ( Sehb ),South - South East
Castle Gardens Nursing Home,Wexford,South - South East
Castlebridge Manor Nursing Home,Wexford,South - South East
Castlecomer District Hospital,Kilkenny,South - South East
Castletownbere District Hospital,Bantry,South - South East
Charleville Lodge Nursing Home,Cork Vol/Private Branch,South - South East
Charleville Mental Handicapped,Cork Vol/Private Branch,South - South East
Cherryfield Nursing Home,Wexford,South - South East
Cherrygrove Nursing Home,Wexford,South - South East
Cheshire Home (Glanmire),Cork Vol/Private Branch,South - South East
Cheshire Ireland (Carlow),Carlow,South - South East
Cheshire Ireland Waterford,Waterford,South - South East
Chevron Training,Wexford,South - South East
Child & Family Agency - Tusla - (Clonmel),Clonmel - ( Sehb ),South - South East
Child & Family Agency - Tusla (Waterford),Waterford,South - South East
Child & Family Agency -Tusla - (Cork),Cork H.S.E. Branch,South - South East
Child & Family Agency -Tusla- (Tralee),Kerry,South - South East
Clady Medical Care,Cork Vol/Private Branch,South - South East
Clanmaurice Medical Centre,Kerry,South - South East
Clifton Convalescent Home,Cork Vol/Private Branch,South - South East
Clogheen District Hospital (St Theresa'S),Clonmel - ( Sehb ),South - South East
Clonakilty Community Hospital,Clonakilty/Skibb.,South - South East
Clonakilty/Skibb.-Unknown,Clonakilty/Skibb.,South - South East
Clonmel - ( Sehb )-Unknown,Clonmel - ( Sehb ),South - South East
Cluain Arann Nursing Unit,Cashel - ( Sehb ),South - South East
Co-Action,Bantry,South - South East
Cobh General Hospital,Cork Vol/Private Branch,South - South East
Cois Abhainn Nursing Unit(Youghal),Cork H.S.E. Branch,South - South East
Community Care  Carlow,Carlow,South - South East
Community Care Area Kerry,Kerry,South - South East
Community Care Area Kerry (closed),Kerry,South - South East
Community Care Area Kilkenny,Kilkenny,South - South East
Community Care Area North Lee,Cork H.S.E. Branch,South - South East
Community Care Area South Lee,Cork H.S.E. Branch,South - South East
Community Care Area Waterford,Waterford,South - South East
Community Care Area West Cork (Bantry),Bantry,South - South East
Community Care Area Wexford,Wexford,South - South East
Community Care North Cork (Mallow),Mallow,South - South East
Community Care South Tipperary (Cashel),Cashel - ( Sehb ),South - South East
Community Care South Tipperary (Clonmel),Clonmel - ( Sehb ),South - South East
Community Care West Cork (Clonakilty),Clonakilty/Skibb.,South - South East
Cope Foundation,Cork Vol/Private Branch,South - South East
Cork Dental Hospital,Cork Vol/Private Branch,South - South East
Cork Eye Clinic,Cork Vol/Private Branch,South - South East
Cork H.S.E. Branch-Unknown,Cork H.S.E. Branch,South - South East
Cork Medical Centre (Gp Services),Cork Vol/Private Branch,South - South East
Cork Military Hospital,Cork Vol/Private Branch,South - South East
Cork University Hospital,Cork H.S.E. Branch,South - South East
Cork University Hospital - St Finbarr's Rehab Unit,Cork H.S.E. Branch,South - South East
Cork University Maternity Hospital,Cork H.S.E. Branch,South - South East
Cork Vol/Private Branch-Unknown,Cork Vol/Private Branch,South - South East
Corpus Christi Nursing Home,Mallow,South - South East
Cottage Nursing Home,Clonmel - ( Sehb ),South - South East
Cpl Health Care (Southern Region),Cork Vol/Private Branch,South - South East
Cuan Mhuire (Cork),Cork Vol/Private Branch,South - South East
Cuil Didin Nursing Home,Kerry,South - South East
Curam Care Home Carrigaline,Cork Vol/Private Branch,South - South East
Cuskinny Court Nursing Home,Cork Vol/Private Branch,South - South East
Damien House,Clonmel - ( Sehb ),South - South East
Darraglynn Nursing Home (Cork),Cork Vol/Private Branch,South - South East
Deerpark Nursing Home (Clonmel),Clonmel - ( Sehb ),South - South East
Dept. Of Health (South East Region),Kilkenny,South - South East
Dingle Medical Centre,Kerry,South - South East
Douglas Nursing Home,Cork Vol/Private Branch,South - South East
Doyle Health & Safety Ltd.,Cork Vol/Private Branch,South - South East
Dr Mc Brinn- Medical Practice (Waterford),Waterford,South - South East
Drakelands House Nursing Home,Kilkenny,South - South East
Dunabbey Welfare Home(Dungarvan),Waterford,South - South East
Dungarvan Community Hospital,Waterford,South - South East
Dunmanway District Hospital,Bantry,South - South East
Elmwood Medical Practice,Cork Vol/Private Branch,South - South East
Ely Hospital(Wexford),Wexford,South - South East
Enable Ireland (Cork),Cork Vol/Private Branch,South - South East
Enable Ireland (South East),Carlow,South - South East
Enable Ireland (Tralee),Kerry,South - South East
Fairfield Nursing Home,Bantry,South - South East
Fairyhill Nursing Home,Mallow,South - South East
Farranlea Community Nursing Unit,Cork H.S.E. Branch,South - South East
Fennor Hill Care Facility,Kilkenny,South - South East
Fermoy District Hospital,Mallow,South - South East
Fresenius Medical Care (Kilkenny),Kilkenny,South - South East
Glendonagh Nursing Home,Cork Vol/Private Branch,South - South East
Gorey District Hospital,Wexford,South - South East
Gowran Abbey Nursing Home,Kilkenny,South - South East
Grange Con Nursing Home,Cork Vol/Private Branch,South - South East
Greenhill Nursing Home(Ck-On-Suir),Clonmel - ( Sehb ),South - South East
Haulbowline Naval Base,Cork Vol/Private Branch,South - South East
Haven Bay Nursing Home,Cork Vol/Private Branch,South - South East
Heather House Community Nursing Unit,Cork H.S.E. Branch,South - South East
Holy Angels Day Centre(Carlow),Carlow,South - South East
Hope Cancer Support Centre,Wexford,South - South East
Hse Killarney Community Care,Kerry,South - South East
Hse South (Cork/Kerry),Cork H.S.E. Branch,South - South East
Hse South Eastern Region & Voluntary Id Nursing Svcs,Waterford,South - South East
Hse South Eastern Region Psychiatric Nursing Services,Waterford,South - South East
Hse South Mental Health Services,Cork H.S.E. Branch,South - South East
Irish Blood Transfusion Board (Carlow),Carlow,South - South East
Irish Blood Transfusion Service-Cork,Cork Vol/Private Branch,South - South East
Irish Cancer Society (Cork/South Kerry),Cork Vol/Private Branch,South - South East
Irish Cancer Society (South East),Wexford,South - South East
Irish Wheelchair Association (Cork),Cork Vol/Private Branch,South - South East
Johnstown Medical Centre (Waterford) - Gp Practice,Waterford,South - South East
Kanturk Community Hospital,Mallow,South - South East
Kenmare Community Hopsital,Kerry,South - South East
Kerlogue Nursing Home,Wexford,South - South East
Kerry Bio-Science,Kerry,South - South East
Kerry Community Services,Kerry,South - South East
Kerry Intervention & Disability Services (Kids),Kerry,South - South East
Kerry Parents & Friends Association,Kerry,South - South East
Kerry-Unknown,Kerry,South - South East
Kerry-Unknown (closed),Kerry,South - South East
Kilcara Nursing Home,Kerry,South - South East
Kilcreene Orthopaedic Hospital,Kilkenny,South - South East
Kilkenny Health Project,Kilkenny,South - South East
Kilkenny-Unknown,Kilkenny,South - South East
Killarney Community Hospital,Kerry,South - South East
Killarney Nursing Home (Mowlam Group),Kerry,South - South East
Killure Nursing Home,Waterford,South - South East
Kinsale Community Hospital,Cork H.S.E. Branch,South - South East
Knight's Hill Medical Centre,Cork Vol/Private Branch,South - South East
Knockeen Nursing Home,Wexford,South - South East
L'Arche (Cork),Cork Vol/Private Branch,South - South East
Lawson House Nursing Home,Wexford,South - South East
Laya Healthcare,Cork Vol/Private Branch,South - South East
Lemongrove House (Enniscorthy),Wexford,South - South East
Listowel District Hospital,Kerry,South - South East
Little Sisters Of The Poor(W'Ford),Waterford,South - South East
Loughboy Medical Centre (Kilkenny),Kilkenny,South - South East
Lystoll Lodge Nursing Home,Kerry,South - South East
Macroom District Hospital,Cork H.S.E. Branch,South - South East
Mallow General Hospital,Mallow,South - South East
Mallow-Unknown,Mallow,South - South East
Maryborough Nursing Home,Cork Vol/Private Branch,South - South East
Marymount University Hospital & Hospice,Cork Vol/Private Branch,South - South East
Mater Private Hospital (Cork City),Cork Vol/Private Branch,South - South East
Matt Talbot Adolescent Services,Cork Vol/Private Branch,South - South East
Mc Auley Day Care Centre(Midleton),Cork H.S.E. Branch,South - South East
Medical Centre - Mphc (Gp Practice),Mallow,South - South East
Medigroup,Cork Vol/Private Branch,South - South East
Medmark Occupational Health Cork,Cork Vol/Private Branch,South - South East
Melview Nursing Home,Clonmel - ( Sehb ),South - South East
Mercy University Hospital,Cork Vol/Private Branch,South - South East
Middletown House Nursing Home,Wexford,South - South East
Midleton Community Hospital,Cork H.S.E. Branch,South - South East
Millbrook Hospital(Bandon),Cork Vol/Private Branch,South - South East
Millhouse Care Centre,Wexford,South - South East
Millstreet District Hospital,Mallow,South - South East
Minerva Ireland Ltd                 021-321259,Cork Vol/Private Branch,South - South East
Mitchelstown Day Care Centre,Mallow,South - South East
Mizen Primary Care Practice (Schull),Bantry,South - South East
Montenotte Care Centre(Cork),Cork Vol/Private Branch,South - South East
Mooncoin Residential Care Centre,Kilkenny,South - South East
Mount Alvernia Hospital(Mallow),Mallow,South - South East
Mount Cara Nursing Home,Cork Vol/Private Branch,South - South East
Mowlam Nursing Home(Waterford),Waterford,South - South East
National Tongue Tie Centre,Clonmel - ( Sehb ),South - South East
Nazareth House (Killorglin),Kerry,South - South East
Nazareth House(Mallow),Mallow,South - South East
New Houghton Hospital,Wexford,South - South East
New Ross Community Hospital,Wexford,South - South East
Nmpdu Cork (Hse),Cork H.S.E. Branch,South - South East
Novartis Ringaskiddy Ltd,Cork Vol/Private Branch,South - South East
Nurse On Call - Wexford,Wexford,South - South East
Nurse On Call (Waterford),Waterford,South - South East
Nurse On Call- Cork/Kerry,Cork Vol/Private Branch,South - South East
Oakfield Nursing Home,Wexford,South - South East
Oaklands Nursing Home (Listowel),Kerry,South - South East
Oaklodge Nursing Home,Mallow,South - South East
Our Lady Of Fatima Home,Kerry,South - South East
Our Lady Of Lourdes Nursing Home (Killarney),Kerry,South - South East
Our Ladys Hospital(Cashel),Cashel - ( Sehb ),South - South East
Padre Pio Home (Mallow),Mallow,South - South East
Padre Pio Rest Home (Waterford),Waterford,South - South East
Padua Medical Centre,Cork Vol/Private Branch,South - South East
Powder Mills Nursing Home,Cork Vol/Private Branch,South - South East
Rathkeevan Nursing Home (Clonmel),Clonmel - ( Sehb ),South - South East
Ravenscourt Hospital(Cork),Cork H.S.E. Branch,South - South East
Reachability,Wexford,South - South East
Resilience Care (Cork),Cork Vol/Private Branch,South - South East
Rivendell Centre - Wexford-Sehb,Wexford,South - South East
Rochestown Nursing Home,Cork Vol/Private Branch,South - South East
Rockmount Care Centre,Kerry,South - South East
Rockshire Care Centre,Waterford,South - South East
Rockwell College,Cashel - ( Sehb ),South - South East
Ros Aoibhinn Nursing Home,Wexford,South - South East
Rosenalee Care Centre,Cork Vol/Private Branch,South - South East
Sacred Heart Home (Carlow),Carlow,South - South East
Sacred Heart Nursing Home (Kilkenny),Kilkenny,South - South East
Schull District Hospital,Bantry,South - South East
Scoil Aonghusa,Cashel - ( Sehb ),South - South East
Scotia Clinic,Kerry,South - South East
Scottish Nursing Guild (South/East Region),Kilkenny,South - South East
Scottish Nursing Guild (Southern Region),Cork Vol/Private Branch,South - South East
Servisource (Cork),Cork Vol/Private Branch,South - South East
Sesame Early Years Specialist Day Service,Waterford,South - South East
Setu (Carlow),Carlow,South - South East
Signacare (Bunclody),Wexford,South - South East
Signacare Nursing Home (Waterford),Waterford,South - South East
Signature Care,Carlow,South - South East
Sims Clinic (Cork),Cork Vol/Private Branch,South - South East
Skibbereen District Hospital,Clonakilty/Skibb.,South - South East
Skibbereen Residential Care Centre,Clonakilty/Skibb.,South - South East
Slaney Medical Centre,Wexford,South - South East
Sonas Nursing Home (Carlow),Carlow,South - South East
Sonas Nursing Home (Tipperary),Cashel - ( Sehb ),South - South East
Sos - Kilkenny,Kilkenny,South - South East
South Doc Call Centre (Killarney),Kerry,South - South East
South Doc Cit,Cork Vol/Private Branch,South - South East
South Infirmary Victoria Hospital,Cork Vol/Private Branch,South - South East
South Tipperary Hospice,Clonmel - ( Sehb ),South - South East
South West Doctors On Call(Cork),Cork Vol/Private Branch,South - South East
St Aidans Day Care Centre,Wexford,South - South East
St Anthonys Nursing Unit(Clonmel),Clonmel - ( Sehb ),South - South East
St Bridgets Hospital(Cr-On-Suir),Clonmel - ( Sehb ),South - South East
St Canices Hospital(Kilkenny),Kilkenny,South - South East
St Catherines Nursing Home (Kilkenny),Kilkenny,South - South East
St Columbas Hospital,Kilkenny,South - South East
St Dympnas Hospital (Carlow),Carlow,South - South East
St Fiaccs Day Care - Carlow,Carlow,South - South East
St Finbarrs Hospital,Cork H.S.E. Branch,South - South East
St Francis Farm Detox Centre,Carlow,South - South East
St Francis Gardens Day Centre,Cork Vol/Private Branch,South - South East
St John Of God - (St Mary Of The Angels),Kerry,South - South East
St John Of God (Tralee),Kerry,South - South East
St Johns Hospital(Enniscorthy),Wexford,South - South East
St Joseph's Nursing Home (Kenmare),Kerry,South - South East
St Josephs Foundation (Charleville),Mallow,South - South East
St Louis Nursing Home,Kerry,South - South East
St Lukes General Hospital(Kilkenny),Kilkenny,South - South East
St Lukes Home(Cork),Cork Vol/Private Branch,South - South East
St Lukes Hospital(Clonmel),Clonmel - ( Sehb ),South - South East
St Martha's Nursing Home (Mowlam Group),Mallow,South - South East
St Otterans Hospital,Waterford,South - South East
St Patrick's Special School,Wexford,South - South East
St Patricks Hospital(Cashel),Cashel - ( Sehb ),South - South East
St Raphaels Hospital(Youghal),Cork H.S.E. Branch,South - South East
St Senans Hospital(Enniscorthy),Wexford,South - South East
St Stephens Hospital(Cork),Cork H.S.E. Branch,South - South East
St Vincent's Centre (Cork) - Cope,Cork Vol/Private Branch,South - South East
Strandside Medical Centre - (Dungarvan),Waterford,South - South East
Strawhall Nursing Home (Cork),Mallow,South - South East
Tcp Homecare (South East),Wexford,South - South East
Teach Altra Nursing Home,Mallow,South - South East
Teach Saolrsa Centre(Hse-South East),Wexford,South - South East
The Keogh Practice (Gp Practice),Waterford,South - South East
Thermofisher Scientific,Cork Vol/Private Branch,South - South East
Tinnypark Nursing Home,Kilkenny,South - South East
Tipperary University Hospital,Clonmel - ( Sehb ),South - South East
Tralee Community Nursing Unit,Kerry,South - South East
Ttm Recruitment Cork,Cork Vol/Private Branch,South - South East
Tullow Family Medical Centre,Carlow,South - South East
Ultra Lase Ireland Ltd,Cork Vol/Private Branch,South - South East
University Hospital Kerry,Kerry,South - South East
Upmc Aut Evan Hospital(Kilkenny),Kilkenny,South - South East
Upmc Whitfield Hospital (Waterford),Waterford,South - South East
Valentia Hospital,Kerry,South - South East
Valentia House Nursing Home (Wexford),Wexford,South - South East
Vhi-(Cork),Cork Vol/Private Branch,South - South East
Waterford Hospice Movement,Waterford,South - South East
Waterford Medical Service,Waterford,South - South East
Waterford Residential Care Centre,Waterford,South - South East
Waterford University Hospital,Waterford,South - South East
Waterford-Unknown,Waterford,South - South East
Waterstone Clinic (Cork),Cork Vol/Private Branch,South - South East
Waterville Medical Centre,Kerry,South - South East
Wellstone Clinic(Kilkenny),Kilkenny,South - South East
West Kerry Community Hospital (Dingle),Kerry,South - South East
Wexford General Hospital,Wexford,South - South East
Wexford Hospice Home Care,Wexford,South - South East
Wexford Residential Intelectual  Disability Services,Wexford,South - South East
Wexford-Unknown,Wexford,South - South East
Wida Robin Hill,Waterford,South - South East
Willow Brooke Care Centre (Windmill Care Group),Kerry,South - South East
Willowbrook Lodge Nursing Home (Fethard),Clonmel - ( Sehb ),South - South East
Windmill Nursing Home,Mallow,South - South East
Womens Health Group,Kilkenny,South - South East
Woodlands Nursing Home (Tipperary),Cashel - ( Sehb ),South - South East
Wygram Nursing Home,Wexford,South - South East
Youghal And District Nursing Home,Cork Vol/Private Branch,South - South East
Youghal District Hospital,Cork H.S.E. Branch,South - South East